quote_date,1_C,2_C,3_C,4_C,5_C,6_C,7_C,8_C,9_C,10_C,11_C,12_C,13_C,14_C,15_C,16_C,17_C,18_C,19_C,20_C,21_C,22_C,23_C,24_C,25_C,26_C,27_C,28_C,29_C,30_C,31_C,32_C,33_C,34_C,35_C,1_P,2_P,3_P,4_P,5_P,6_P,7_P,8_P,9_P,10_P,11_P,12_P,13_P,14_P,15_P,16_P,17_P,18_P,19_P,20_P,21_P,22_P,23_P,24_P,25_P,26_P,27_P,28_P,29_P,30_P,31_P,32_P,33_P,34_P,35_P,1_C_S,2_C_S,3_C_S,4_C_S,5_C_S,6_C_S,7_C_S,8_C_S,9_C_S,10_C_S,11_C_S,12_C_S,13_C_S,14_C_S,15_C_S,16_C_S,17_C_S,18_C_S,19_C_S,20_C_S,21_C_S,22_C_S,23_C_S,24_C_S,25_C_S,26_C_S,27_C_S,28_C_S,29_C_S,30_C_S,31_C_S,32_C_S,33_C_S,34_C_S,35_C_S,1_P_S,2_P_S,3_P_S,4_P_S,5_P_S,6_P_S,7_P_S,8_P_S,9_P_S,10_P_S,11_P_S,12_P_S,13_P_S,14_P_S,15_P_S,16_P_S,17_P_S,18_P_S,19_P_S,20_P_S,21_P_S,22_P_S,23_P_S,24_P_S,25_P_S,26_P_S,27_P_S,28_P_S,29_P_S,30_P_S,31_P_S,32_P_S,33_P_S,34_P_S,35_P_S
2018-01-12,-68.29999999999995,-67.39999999999998,-71.10000000000002,-72.60000000000002,-75.70000000000005,-80.10000000000002,-82.80000000000001,-83.60000000000002,-86.19999999999999,-89.39999999999998,-94.5,-99.5,-104.80000000000001,-113.19999999999999,-120.69999999999999,-129.3,-122.9,-105.0,-93.9,-83.3,-69.4,-60.4,-48.0,-41.4,-32.8,-28.0,-23.5,-17.0,-9.4,-5.8,-4.0,-3.6,-2.6,-1.45,-1.0,-3.1,-5.1,-8.3,-10.3,-13.2,-17.8,-19.7,-22.7,-25.5,-28.8,-33.9,-38.5,-43.9,-52.4,-61.5,-70.3,-64.1,-46.099999999999994,-35.099999999999994,-25.200000000000003,-10.800000000000011,-2.8000000000000114,8.300000000000011,14.900000000000006,23.599999999999994,28.19999999999999,32.099999999999994,39.0,45.0,48.0,46.0,47.0,48.0,49.0,49.5,47.0,53.10000000000002,56.89999999999998,59.700000000000045,63.0,67.89999999999998,71.39999999999998,74.39999999999998,77.80000000000001,80.60000000000002,85.80000000000001,90.80000000000001,96.5,105.19999999999999,112.9,121.9,116.1,98.1,87.8,77.4,63.3,54.7,44.8,38.3,29.6,24.9,20.8,13.8,6.6,3.3,1.45,0.25,0.05,0.0,0.0,0.05,2.4,5.5,7.5,10.3,14.8,16.1,19.0,21.4,25.4,29.6,34.1,39.7,47.8,55.5,64.1,57.7,39.900000000000006,28.599999999999994,17.5,3.5999999999999943,-5.199999999999989,-16.69999999999999,-23.400000000000006,-32.5,-37.099999999999994,-41.900000000000006,-49.0,-57.19999999999999,-62.0,-67.30000000000001,-68.10000000000002,-69.20000000000005,-70.10000000000002,-71.0
2018-02-09,-263.0999999999999,-265.0,-268.20000000000005,-275.4000000000001,-284.5999999999999,-292.79999999999995,-297.29999999999995,-304.4,-310.79999999999995,-321.20000000000005,-330.6,-345.6,-359.1,-355.6,-300.0,-251.1,-237.8,-197.8,-117.0,-80.1,-62.5,-42.0,-30.6,-20.0,-13.2,-9.4,-6.6,-5.1,-5.0,-5.0,-5.0,-5.0,-5.0,-5.0,-5.0,-5.0,-6.2,-8.7,-14.9,-23.6,-32.0,-36.3,-43.3,-52.6,-62.8,-72.0,-86.9,-103.3,-99.6,-43.900000000000006,5.099999999999994,18.5,56.599999999999994,139.3,173.8,187.39999999999998,205.0,216.39999999999998,226.7,233.60000000000002,237.5,241.89999999999998,243.5,244.79999999999995,245.60000000000002,246.20000000000005,246.60000000000002,247.0999999999999,247.4000000000001,248.5999999999999,243.0999999999999,245.0999999999999,248.29999999999995,255.4000000000001,263.79999999999995,272.6,277.5,285.1,291.9,302.70000000000005,312.20000000000005,327.4,341.0,337.8,282.4,233.7,220.4,183.4,101.9,68.1,50.5,36.0,24.6,15.0,8.2,4.4,1.6,0.15,0.0,0.0,0.0,0.0,0.0,0.0,0.0,0.0,1.2,3.7,9.9,18.6,26.0,30.3,37.3,40.6,50.8,60.0,74.9,88.1,84.6,28.69999999999999,-20.0,-33.400000000000006,-71.80000000000001,-154.4,-188.7,-206.5,-224.3,-236.2,-247.2,-254.60000000000002,-258.79999999999995,-262.4,-263.9,-265.0,-265.6,-266.0,-266.29999999999995,-266.79999999999995,-267.0999999999999,-268.5
2018-03-16,-713.0,-710.4000000000001,-715.2,-721.4,-674.4,-578.6,-461.9,-434.0,-393.3,-362.3,-327.5,-301.9,-264.7,-236.7,-206.0,-184.0,-152.9,-123.8,-117.8,-100.7,-91.0,-76.1,-67.3,-59.2,-50.3,-41.9,-35.2,-29.3,-24.3,-21.6,-13.8,-8.7,-6.0,-4.7,-3.4,-2.5,-4.8,-8.7,-14.2,32.3,128.1,245.3,272.8,313.4,344.7,379.4,404.7,441.7,469.6,500.0,522.2,552.9,581.1,587.0,604.0,614.6,629.0,637.5,645.6,654.1,661.4,667.7,674.0,678.5,680.9,688.6,693.8,696.5,697.8,698.6,692.0999999999999,699.0999999999999,704.0999999999999,710.5,663.8,568.2,452.1,424.2,383.9,353.0,318.5,293.2,256.4,228.8,198.4,176.7,146.0,118.0,112.1,95.3,85.2,70.6,62.0,54.4,45.3,37.8,30.6,24.8,19.8,17.1,9.7,4.2,1.55,0.25,0.0,0.0,0.6,4.2,9.7,-36.7,-132.6,-249.8,-277.4,-318.0,-348.9,-383.6,-409.5,-446.7,-474.5,-505.5,-527.3,-558.5,-587.1,-593.1,-610.2,-620.3,-635.4,-644.6,-652.5,-661.9,-670.3,-677.0,-683.7,-688.4,-691.0,-699.2,-704.9,-707.7,-709.2,-710.0
2018-04-13,-530.3,-531.3,-533.8,-538.7,-544.7,-557.8,-564.3,-519.3,-454.2,-390.7,-330.3,-291.4,-237.0,-219.4,-209.3,-189.6,-177.0,-158.7,-153.1,-141.4,-130.5,-125.4,-115.0,-105.2,-100.4,-91.4,-82.8,-78.5,-70.9,-53.6,-40.0,-29.5,-21.5,-6.9,-3.3,-2.6,-3.3,-5.4,-9.9,-15.9,-28.6,-35.1,9.600000000000001,75.1,138.2,198.7,237.2,291.5,308.7,318.9,338.2,350.7,368.9,374.9,386.2,397.0,402.2,412.6,422.4,426.8,436.0,444.3,448.3,455.7,472.6,486.1,496.6,504.5,519.2,522.2,520.5,521.5,524.2,529.4000000000001,535.6,549.2,556.1,511.4,446.7,383.4,323.6,284.9,231.0,213.5,203.5,184.0,171.5,153.5,148.0,136.4,125.5,120.6,110.4,100.7,95.9,87.1,78.5,74.3,66.8,49.9,36.3,25.8,17.8,3.3,0.05,0.05,0.0,1.9,6.3,12.2,24.9,31.5,-13.200000000000003,-78.8,-141.9,-202.6,-241.3,-296.1,-313.4,-323.6,-343.1,-355.8,-374.2,-380.1,-391.6,-402.6,-408.0,-418.5,-428.4,-433.0,-442.3,-450.8,-454.9,-462.5,-480.0,-494.0,-505.0,-513.2,-528.6,-532.0
2018-05-11,-607.3000000000002,-608.3,-609.0999999999999,-609.5999999999999,-610.0,-610.7,-611.4000000000001,-611.8,-608.2,-609.5,-611.2,-613.4,-566.3,-448.3,-357.3,-270.9,-192.6,-109.6,-95.7,-82.6,-70.8,-60.0,-50.4,-42.0,-34.8,-28.6,-18.8,-8.6,-4.6,-3.1,-2.55,-2.4,-2.2,-1.9,-1.8,-0.85,-2.3,-2.7,-2.95,-3.2,-3.7,-4.1,-4.7,-5.4,-6.7,-8.0,-10.0,37.0,156.0,246.7,331.7,410.5,492.3,506.1,518.8,530.6,541.2,550.7,559.0,566.3,572.1,580.8,591.0,595.0,590.8,591.6,592.1,592.5,592.8,593.0999999999999,587.8000000000002,588.8,589.5999999999999,590.0999999999999,591.0,591.7,592.4000000000001,593.2,599.0,600.5,602.2,604.6,557.7,440.1,349.7,264.7,187.2,105.3,91.6,78.7,67.0,56.4,47.3,38.9,31.4,25.6,16.2,5.4,1.95,0.25,0.4,0.0,0.0,0.0,0.0,0.0,0.0,0.0,0.0,0.0,0.1,0.65,1.25,2.05,3.3,4.8,6.8,-40.0,-158.4,-249.4,-335.1,-413.3,-496.3,-510.3,-523.3,-535.3,-546.2,-556.0,-564.5,-572.1,-578.4,-588.6,-599.9,-603.9,-610.1,-610.7,-611.2,-612.0,-612.3,-612.5999999999999
2018-06-15,-264.4000000000001,-266.0999999999999,-269.4000000000001,-276.9,-279.20000000000005,-281.0,-283.0,-285.0,-288.1,-291.9,-296.1,-301.2,-286.7,-254.5,-214.7,-183.9,-148.6,-115.4,-104.6,-98.9,-82.9,-74.8,-53.5,-30.6,-20.7,-14.0,-8.3,-6.0,-5.0,-3.7,-2.2,-1.75,-1.35,-1.15,-1.15,-1.4,-2.35,-5.4,-12.0,-14.2,-15.9,-17.9,-20.0,-23.1,-26.6,-31.2,-36.2,-23.200000000000003,10.100000000000001,49.9,80.3,115.6,147.6,159.3,165.0,180.7,188.0,209.1,231.5,241.39999999999998,248.39999999999998,254.10000000000002,255.8,257.6,258.5,260.1,260.4,261.29999999999995,261.79999999999995,262.5,255.9000000000001,257.5,261.20000000000005,268.70000000000005,271.5,273.0,275.20000000000005,277.5,280.5,284.4,289.2,294.3,281.8,248.7,208.9,179.0,143.9,112.1,100.2,94.6,78.9,71.8,50.6,27.5,17.4,11.1,5.4,3.2,1.7,1.1,1.1,0.0,0.0,0.0,0.0,0.05,0.05,2.7,8.9,11.0,12.3,14.5,16.6,19.7,23.1,27.9,32.8,19.799999999999997,-13.5,-53.4,-83.7,-119.2,-151.0,-163.0,-168.4,-184.7,-192.1,-214.1,-238.3,-248.8,-255.8,-262.0,-264.3,-266.2,-267.20000000000005,-268.79999999999995,-269.0,-269.79999999999995,-270.29999999999995,-271.0
2018-07-13,-389.9000000000001,-391.70000000000005,-391.5,-395.5,-400.29999999999995,-403.9,-406.29999999999995,-409.29999999999995,-412.79999999999995,-416.9,-421.8,-368.8,-325.9,-284.5,-236.3,-198.5,-162.8,-126.5,-117.3,-100.0,-83.7,-73.8,-64.5,-51.8,-48.0,-37.8,-31.8,-21.0,-12.8,-6.1,-2.05,-1.4,-1.1,-1.05,-1.05,-1.2,-1.85,-5.0,-8.6,-12.9,-16.6,-18.6,-22.5,-26.1,-30.1,-35.1,17.700000000000003,60.5,102.0,149.4,186.9,222.2,258.5,267.6,284.3,300.7,310.5,319.6,331.8,335.4,345.7,351.0,361.2,369.1,374.4,375.79999999999995,376.20000000000005,376.9,377.5999999999999,377.9000000000001,371.4000000000001,373.0999999999999,379.9000000000001,384.5,389.9,393.70000000000005,396.4,399.9,403.8,408.4,413.8,361.5,319.3,277.9,230.4,193.3,158.5,123.0,114.1,96.7,81.0,71.2,62.0,49.5,45.7,35.7,30.1,19.6,11.2,4.1,0.2,0.1,0.0,0.0,0.0,0.05,0.05,2.9,6.3,10.8,14.2,16.7,20.2,23.8,28.0,33.0,-19.799999999999997,-62.6,-104.1,-151.9,-189.7,-225.4,-261.6,-270.8,-288.4,-304.8,-314.9,-324.2,-337.0,-340.9,-351.5,-357.7,-369.2,-378.0,-385.5,-394.1,-395.20000000000005,-395.9,-396.5,-397.0999999999999
2018-08-17,48.799999999999955,47.799999999999955,45.700000000000045,43.799999999999955,39.39999999999998,37.700000000000045,36.5,34.200000000000045,31.399999999999977,29.200000000000045,25.0,19.600000000000023,15.0,6.399999999999977,-5.5,-10.0,-25.599999999999994,-49.400000000000006,-80.9,-47.5,-24.6,-12.9,-7.0,-3.5,-2.2,-1.65,-5.0,-5.0,-5.0,-5.0,-5.0,-5.0,-5.0,-5.0,-5.0,-5.0,-3.1,-5.0,-7.0,-10.9,-12.4,-13.7,-15.9,-18.4,-20.6,-24.7,-30.0,-34.9,-43.1,-54.0,-63.2,-80.7,-103.9,-135.0,-106.6,-86.1,-74.0,-70.0,-67.30000000000001,-66.20000000000005,-65.60000000000002,-65.29999999999995,-65.0,-64.70000000000005,-64.5,-64.29999999999995,-64.09999999999991,-63.59999999999991,-63.09999999999991,-62.299999999999955,-68.09999999999991,-67.09999999999991,-63.90000000000009,-61.90000000000009,-58.700000000000045,-56.10000000000002,-54.799999999999955,-53.299999999999955,-50.5,-48.299999999999955,-42.10000000000002,-36.89999999999998,-33.60000000000002,-24.80000000000001,-10.300000000000011,-0.5999999999999943,14.5,44.900000000000006,76.0,42.1,20.1,8.3,3.0,0.25,0.55,0.35,0.0,0.0,0.0,0.0,0.0,0.0,0.0,0.0,0.0,0.0,0.45,1.8,3.1,7.1,8.4,9.6,11.7,14.3,16.1,20.1,25.0,31.0,39.0,50.1,58.2,75.8,99.8,130.7,95.30000000000001,68.80000000000001,56.80000000000001,51.10000000000002,47.89999999999998,47.0,46.39999999999998,46.0,45.700000000000045,45.39999999999998,45.10000000000002,45.0,44.799999999999955,44.299999999999955,43.799999999999955,43.0
2018-09-14,-12.799999999999955,-13.200000000000045,-14.0,-14.900000000000091,-16.299999999999955,-18.200000000000045,-21.799999999999955,-24.899999999999977,-39.10000000000002,-43.30000000000001,-48.60000000000002,-54.89999999999998,-55.69999999999999,-64.30000000000001,-74.80000000000001,-87.19999999999999,-102.19999999999999,-120.2,-91.5,-66.9,-47.0,-31.8,-20.9,-13.5,-8.9,-6.0,-3.7,-2.85,-1.55,-1.25,-1.15,-1.15,-1.1,-1.1,-1.1,-1.35,-2.05,-2.6,-3.4,-4.1,-5.9,-9.0,-14.8,-26.0,-30.1,-35.2,-41.3,-48.7,-57.5,-68.2,-81.0,-96.0,-114.1,-85.9,-61.69999999999999,-42.19999999999999,-27.400000000000006,-22.5,-15.100000000000023,-10.5,-7.699999999999989,-5.5,-4.600000000000023,-3.3999999999999773,-2.6000000000000227,-1.900000000000091,-2.099999999999909,-1.0,-0.599999999999909,0.09999999999990905,-6.7000000000000455,-6.2999999999999545,-5.5,-4.5,-3.099999999999909,-1.0,2.5,8.600000000000023,20.19999999999999,24.0,29.80000000000001,35.5,50.0,59.5,70.4,83.0,98.69999999999999,117.0,88.7,64.4,44.6,29.4,18.4,11.2,6.4,3.6,1.35,0.6,0.6,0.0,0.0,0.0,0.0,0.0,0.0,0.05,0.15,0.45,1.9,1.85,3.5,6.5,12.5,23.5,27.6,32.7,39.0,46.2,55.1,65.6,78.1,93.0,111.0,82.19999999999999,57.5,36.80000000000001,21.0,3.6999999999999886,-3.6000000000000227,-8.800000000000011,-10.800000000000011,-13.800000000000011,-14.800000000000011,-15.299999999999955,-16.899999999999977,-17.5,-17.40000000000009,-18.5,-18.59999999999991,-19.5
2018-10-12,-68.0,-69.0,-73.29999999999995,-79.09999999999991,-80.79999999999995,-83.70000000000005,-88.29999999999995,-92.60000000000002,-95.70000000000005,-104.20000000000005,-112.0,-120.70000000000005,-135.5,-149.2,-165.2,-184.3,-206.39999999999998,-192.0,-162.7,-123.5,-100.0,-70.4,-54.2,-35.5,-22.6,-16.3,-10.5,-7.9,-5.5,-4.2,-3.7,-2.8,-2.7,-2.65,-2.65,-5.0,-7.0,-10.0,-15.0,-18.0,-20.9,-25.8,-30.3,-35.5,-42.0,-49.9,-59.3,-75.0,-89.3,-106.1,-125.7,-148.6,-135.4,-106.80000000000001,-68.1,-45.5,-17.19999999999999,-1.8999999999999773,16.80000000000001,29.0,36.299999999999955,42.89999999999998,43.700000000000045,48.0,49.39999999999998,48.10000000000002,51.09999999999991,51.59999999999991,52.5,53.09999999999991,47.299999999999955,50.90000000000009,54.90000000000009,60.0,62.700000000000045,65.70000000000005,70.70000000000005,75.60000000000002,81.5,88.5,96.70000000000005,106.5,122.10000000000002,136.2,153.3,173.2,196.3,183.4,154.7,115.8,92.9,64.2,48.6,31.0,19.0,12.0,6.0,3.0,1.0,0.6,0.0,0.0,0.0,0.0,0.0,0.85,2.3,5.8,10.5,13.0,16.2,20.6,25.0,30.2,37.0,44.9,54.0,68.7,82.5,98.7,118.3,140.4,125.19999999999999,95.6,55.5,32.5,2.3999999999999773,-14.199999999999989,-34.30000000000001,-48.10000000000002,-54.80000000000001,-60.799999999999955,-64.10000000000002,-67.29999999999995,-68.79999999999995,-69.39999999999998,-70.79999999999995,-71.29999999999995,-71.90000000000009,-72.5
2018-11-16,-152.9000000000001,-153.20000000000005,-154.0,-155.70000000000005,-158.4000000000001,-160.0999999999999,-166.29999999999995,-177.20000000000005,-196.10000000000002,-211.0,-220.0,-230.2,-241.60000000000002,-247.89999999999998,-261.4,-251.6,-218.4,-187.3,-157.6,-131.0,-96.0,-76.1,-51.9,-39.4,-29.5,-18.9,-14.1,-9.1,-6.8,-5.2,-3.6,-2.9,-1.55,-1.2,-0.9,-2.0,-2.4,-3.3,-4.9,-7.3,-9.1,-15.1,-26.5,-46.7,-61.8,-70.9,-81.4,-93.1,-99.5,-113.3,-104.0,-71.4,-40.5,-13.900000000000006,11.900000000000006,46.099999999999994,65.30000000000001,87.89999999999998,99.89999999999998,109.39999999999998,120.39999999999998,125.0,130.0,132.20000000000005,134.0,135.70000000000005,136.5,138.5999999999999,139.29999999999995,140.20000000000005,134.70000000000005,135.29999999999995,136.79999999999995,138.5,141.4000000000001,143.4000000000001,149.70000000000005,161.70000000000005,184.10000000000002,200.2,209.60000000000002,220.39999999999998,232.39999999999998,239.0,253.2,244.0,211.6,181.1,154.8,128.3,93.4,73.8,49.9,37.6,27.9,17.6,12.8,7.8,5.6,3.9,2.4,1.75,0.4,0.05,0.0,0.95,1.25,2.2,3.7,6.1,7.9,13.8,24.9,44.8,59.6,68.7,78.9,90.6,96.9,110.8,101.3,68.6,37.80000000000001,6.599999999999994,-20.19999999999999,-55.599999999999994,-75.80000000000001,-99.89999999999998,-112.80000000000001,-123.19999999999999,-135.3,-140.8,-147.20000000000005,-148.70000000000005,-151.10000000000002,-154.10000000000002,-154.39999999999998,-158.0999999999999,-158.5999999999999,-158.20000000000005
2018-12-14,44.5,43.799999999999955,42.90000000000009,46.0,44.700000000000045,40.90000000000009,38.40000000000009,34.89999999999998,30.5,17.200000000000045,7.2999999999999545,-5.2999999999999545,-21.5,-68.30000000000001,-91.89999999999998,-100.69999999999999,-109.9,-130.0,-151.9,-139.1,-116.5,-87.2,-63.3,-50.5,-35.0,-24.1,-18.7,-13.0,-8.9,-7.0,-5.2,-2.35,-1.9,-1.7,-1.6,-2.75,-3.2,-3.9,-4.8,-6.0,-9.3,-11.5,-14.6,-18.8,-32.3,-42.4,-55.5,-71.8,-119.1,-143.0,-151.9,-161.2,-181.3,-203.6,-191.0,-168.89999999999998,-140.10000000000002,-116.69999999999999,-104.0,-91.39999999999998,-79.89999999999998,-74.60000000000002,-69.60000000000002,-64.70000000000005,-63.700000000000045,-61.700000000000045,-60.299999999999955,-59.299999999999955,-58.40000000000009,-57.59999999999991,-63.0,-62.200000000000045,-61.299999999999955,-59.90000000000009,-58.5,-53.90000000000009,-51.59999999999991,-47.299999999999955,-43.39999999999998,-28.399999999999977,-18.5,-4.0,13.0,61.5,85.89999999999998,94.80000000000001,104.1,124.6,146.9,134.7,112.6,83.9,60.3,47.4,32.6,21.5,15.9,10.2,6.4,4.5,2.45,0.0,0.0,0.0,0.0,0.05,0.5,1.3,2.1,3.2,8.1,10.3,12.3,16.7,30.0,39.9,52.7,69.1,116.1,139.5,148.2,157.4,177.2,198.8,185.9,163.10000000000002,133.5,109.39999999999998,95.80000000000001,80.10000000000002,68.39999999999998,62.700000000000045,56.39999999999998,52.10000000000002,50.10000000000002,47.89999999999998,40.90000000000009,39.59999999999991,38.700000000000045,38.0
2019-01-11,-360.9000000000001,-361.5999999999999,-362.4000000000001,-364.4000000000001,-367.5,-372.5999999999999,-374.9,-378.79999999999995,-382.6,-388.9,-394.6,-402.5,-412.20000000000005,-428.3,-371.9,-293.0,-240.7,-177.3,-146.3,-108.9,-76.9,-59.4,-38.6,-23.5,-16.4,-9.4,-5.4,-3.2,-2.35,-1.65,-1.25,-0.9,-0.6,-0.55,-0.55,-0.65,-0.8,-0.75,-2.2,-4.5,-9.2,-11.5,-15.3,-18.9,-25.3,-31.3,-41.5,-51.1,-67.2,-7.599999999999994,67.2,119.0,181.6,209.5,246.4,277.3,296.2,316.4,329.5,333.6,339.5,343.5,345.70000000000005,346.6,347.4,347.9,348.4,349.20000000000005,349.9000000000001,350.5,341.5,342.1999999999998,343.0999999999999,345.0,348.0,353.5,355.70000000000005,359.5,363.20000000000005,369.79999999999995,376.20000000000005,390.9,400.9,417.6,358.1,283.7,232.1,169.6,141.8,104.7,73.6,56.3,35.7,21.4,14.6,7.9,4.1,2.05,1.25,0.55,0.15,0.0,0.0,0.0,0.0,0.0,0.0,0.1,1.1,3.3,7.6,9.8,13.5,17.1,23.3,29.2,39.2,48.7,65.0,4.599999999999994,-70.5,-122.9,-185.9,-215.3,-253.8,-288.2,-305.6,-326.6,-344.6,-351.7,-358.9,-363.0,-365.20000000000005,-366.1,-366.9,-367.4,-367.9,-368.70000000000005,-369.4000000000001,-370.0
2019-02-08,-646.9000000000001,-647.4000000000001,-647.6999999999998,-650.2,-650.0999999999999,-651.0999999999999,-655.0,-658.5,-661.2,-665.5,-619.2,-550.4,-482.6,-395.3,-331.6,-272.6,-218.6,-152.9,-124.0,-98.1,-75.7,-56.5,-40.9,-28.8,-19.7,-13.3,-8.9,-6.0,-4.2,-3.2,-1.95,-1.3,-0.9,-0.7,-0.6,-0.6,-0.65,-0.9,-1.45,-2.3,-4.2,-7.6,-11.0,-13.4,-17.7,27.8,97.2,164.8,251.9,314.1,372.9,427.7,492.9,521.2,547.0,568.7,587.4,602.8,614.7,623.4,629.3,633.4,636.1,637.8,633.7,636.2,637.3,637.7,639.0,639.9000000000001,629.5,630.0,630.6999999999998,632.8,633.0999999999999,640.7,645.3,649.1,651.4,656.1,610.9,541.7,474.5,387.9,326.4,267.9,213.5,148.9,120.7,94.8,72.9,53.9,38.6,26.8,18.0,11.5,7.2,4.6,3.0,1.95,0.8,0.15,0.0,0.0,0.0,0.0,0.0,0.0,0.3,1.1,3.1,6.3,9.5,11.9,16.1,-29.6,-98.9,-166.8,-253.9,-316.3,-375.3,-430.3,-495.8,-524.9,-550.5,-573.5,-592.9,-608.7,-621.1,-630.4,-637.0,-641.5,-644.4,-646.3,-651.0,-653.0,-654.7,-655.0999999999999,-656.4000000000001,-657.3
2019-03-15,-1073.9,-1073.6,-1074.6999999999998,-1075.8000000000002,-1076.6,-1072.3,-1073.0,-1073.8,-1000.0,-877.0,-778.9,-681.7,-585.6,-468.2,-377.6,-293.3,-213.5,-128.3,-113.2,-87.0,-64.3,-46.1,-32.2,-21.7,-13.6,-8.9,-6.0,-4.2,-3.1,-2.4,-1.95,-1.6,-1.1,-0.75,-0.6,-0.5,-0.5,-0.55,-0.7,-1.15,-2.3,-2.75,-3.4,70.7,194.2,292.3,389.6,485.7,603.2,693.8,779.7,859.0,944.0,957.8,983.9,1006.6,1024.3,1038.3,1047.9,1055.0,1059.6,1062.5,1064.4,1062.6,1063.8,1063.5,1064.4,1065.1,1065.5,1066.5,1056.8000000000002,1056.1999999999998,1057.3000000000002,1059.0,1059.2,1066.2,1066.5,1067.2,993.5,870.4,772.4,675.3,579.3,462.2,372.2,288.0,209.0,124.8,110.4,83.9,61.4,43.5,29.5,19.4,12.3,7.7,4.8,3.1,2.0,1.3,0.85,0.55,0.05,0.0,0.0,0.0,0.0,0.0,0.0,0.1,1.2,1.65,2.3,-71.9,-195.3,-293.5,-391.0,-487.3,-605.0,-695.6,-781.8,-861.2,-946.8,-961.8,-988.5,-1011.6,-1029.9,-1048.9,-1053.8,-1061.2,-1065.9,-1069.0,-1071.0,-1076.4,-1077.4,-1077.2,-1077.9,-1078.4,-1079.4,-1080.4
2019-04-12,-888.0,-888.5999999999999,-890.7,-890.4000000000001,-890.9000000000001,-893.2,-889.4000000000001,-890.9000000000001,-893.4,-747.1,-602.9,-485.7,-351.3,-267.5,-231.5,-194.0,-159.2,-126.9,-115.0,-98.3,-88.1,-73.6,-60.9,-51.2,-42.6,-23.2,-9.3,-4.5,-2.35,-1.4,-0.9,-0.7,-0.6,-0.45,-0.3,-0.25,-0.3,-0.65,-1.45,-1.9,-2.55,-3.6,-4.8,-7.1,139.3,283.3,400.6,535.2,619.0,654.8,692.1,727.1,758.9,770.8,787.3,797.6,811.7,824.6,833.7,842.4,860.6,875.2,879.6,881.9,879.4,880.8,880.7,879.8,881.4,882.5999999999999,871.8000000000002,872.1999999999998,874.3,877.9000000000001,878.3,878.3,883.9000000000001,884.0999999999999,887.9,741.7,597.6,480.6,347.0,263.4,227.7,190.4,155.9,124.1,112.4,95.7,85.6,71.4,58.7,49.2,40.8,21.6,8.2,3.7,1.7,0.8,0.35,0.15,0.05,0.0,0.0,0.0,0.0,0.1,0.95,1.3,1.95,2.9,4.1,6.2,-140.3,-284.6,-402.0,-537.1,-621.1,-656.8,-694.2,-729.2,-761.2,-773.0,-790.3,-800.7,-815.2,-828.4,-837.9,-846.8,-866.5,-880.5,-885.0,-887.4,-892.2,-892.9,-893.8,-896.2,-894.3,-895.2
2019-05-17,-772.8000000000002,-773.6999999999998,-774.9000000000001,-776.0999999999999,-777.5999999999999,-774.2,-779.4,-781.1,-784.8,-762.9,-668.8,-599.6,-509.7,-444.6,-361.3,-302.2,-228.9,-163.2,-132.8,-93.9,-72.3,-46.0,-27.1,-18.2,-9.4,-4.8,-3.2,-1.85,-1.3,-1.1,-0.9,-0.75,-0.7,-0.55,-0.5,-0.5,-0.65,-0.95,-1.3,-2.05,-3.3,-7.2,-9.0,-12.3,9.4,103.4,172.6,262.5,327.8,411.3,470.5,543.9,609.2,636.7,675.1,696.4,722.9,741.6,750.3,759.0,763.8,765.7,765.4,766.0,766.6,766.8,767.0,767.4,765.0,768.5999999999999,756.5,757.1999999999998,758.1999999999998,759.2,760.8,767.8,772.8,774.8,778.1,756.6,662.6,593.5,503.8,438.7,355.8,296.8,223.9,158.8,129.9,91.7,70.2,44.0,25.4,16.7,8.2,3.8,2.3,1.1,0.55,0.35,0.15,0.0,0.0,0.0,0.0,0.0,0.0,0.25,0.6,1.35,2.5,6.2,8.0,11.2,-10.6,-104.9,-174.2,-264.3,-329.7,-413.2,-472.7,-546.4,-612.1,-641.7,-680.2,-702.2,-728.9,-747.5,-756.6,-765.3,-770.4,-772.1,-779.4,-780.2,-780.6,-780.9,-780.9,-781.3,-781.7,-782.5
2019-06-14,-753.5999999999999,-754.4000000000001,-755.6999999999998,-757.2,-754.5,-755.5999999999999,-756.5999999999999,-758.0999999999999,-760.7,-763.6,-768.7,-698.5,-606.3,-494.9,-409.7,-309.8,-237.2,-156.0,-141.7,-115.1,-91.5,-70.9,-62.0,-46.5,-34.2,-24.7,-20.9,-14.8,-10.6,-4.9,-2.95,-1.4,-0.85,-0.5,-0.4,-0.35,-0.5,-0.75,-1.5,-2.4,-3.2,-4.1,-5.4,-7.7,-10.5,-15.6,53.7,146.0,257.5,342.7,442.7,515.8,595.4,609.6,635.7,659.1,679.7,688.6,703.9,715.6,724.9,728.6,735.0,739.2,744.6,746.9,747.2,746.5999999999999,747.3,747.8,738.5,739.4000000000001,740.4000000000001,742.2,747.0999999999999,748.0999999999999,749.3,750.8,753.4,756.4,761.6,692.5,600.4,489.2,404.9,305.3,232.5,153.7,139.5,113.0,89.4,69.0,60.2,44.9,32.8,23.4,19.7,13.8,9.7,4.2,2.35,0.85,0.3,0.05,0.0,0.0,0.0,0.2,0.95,1.85,2.6,3.5,4.8,7.1,9.8,14.7,-54.7,-147.1,-258.9,-344.4,-444.6,-518.0,-598.7,-613.0,-639.7,-663.6,-684.1,-693.1,-708.7,-721.1,-730.7,-734.5,-740.6,-744.9,-751.0,-753.3,-760.2,-760.8,-762.2,-761.9000000000001
2019-07-12,-1199.1999999999998,-1200.4,-1201.9,-1204.0,-1205.9,-1201.6,-1053.5,-906.3,-761.0,-594.5,-456.9,-369.4,-327.3,-286.7,-247.7,-210.6,-175.4,-140.2,-128.0,-113.2,-99.9,-87.6,-76.1,-65.7,-56.0,-47.3,-42.6,-34.3,-29.4,-18.2,-9.5,-5.0,-2.7,-0.9,-0.4,-0.2,-0.2,-0.65,-1.6,-3.1,-4.4,143.8,291.1,436.7,603.3,740.8,828.3,870.3,910.8,949.8,987.0,1021.9,1057.0,1068.9,1082.9,1095.8,1108.1,1119.6,1130.0,1139.6,1148.1,1152.8,1161.0,1165.5,1176.8,1185.1,1189.2,1191.6,1190.7,1190.7,1182.0,1183.1999999999998,1185.0,1186.8,1188.9,1194.1,1045.9,899.2,754.0,587.8,450.5,363.3,321.5,281.1,242.2,205.4,170.8,135.8,123.9,110.0,96.8,84.5,73.2,62.7,53.2,44.8,40.2,32.0,27.3,16.3,8.1,3.8,1.85,0.3,0.0,0.0,0.0,0.15,1.05,2.35,3.5,-144.8,-292.2,-438.0,-604.7,-742.4,-830.2,-872.4,-913.2,-952.5,-989.9,-1024.9,-1060.4,-1072.1,-1086.9,-1100.3,-1112.1,-1123.6,-1135.1,-1144.8,-1153.5,-1158.2,-1166.7,-1171.6,-1183.0,-1191.6,-1196.2,-1198.4,-1207.0,-1207.6
2019-08-16,-620.5,-621.1999999999998,-618.9000000000001,-624.4000000000001,-627.2,-632.5,-635.0,-633.4,-637.3,-643.7,-649.9,-585.4,-520.2,-436.0,-375.6,-299.2,-245.4,-178.3,-148.4,-120.7,-84.3,-64.0,-39.8,-27.8,-18.6,-9.8,-6.1,-3.0,-1.95,-1.4,-0.95,-0.8,-0.65,-0.4,-0.35,-0.55,-0.8,-1.3,-2.85,-5.6,-10.2,-12.4,-16.5,-20.2,-26.9,-33.3,31.200000000000003,96.4,180.4,240.9,317.4,371.2,437.2,467.2,493.2,529.1,549.3,573.4,585.1,593.8,599.3,602.9,606.3,607.4,608.1,608.1,608.8,608.6,609.7,610.0,603.0999999999999,603.8000000000002,604.5,607.0,609.8,615.0999999999999,617.6,625.8,629.8,637.1,643.5,579.1,513.7,429.8,369.7,294.1,240.6,176.4,146.4,118.8,82.5,62.1,38.1,26.2,17.2,8.5,4.9,2.05,1.15,0.65,0.25,0.1,0.0,0.0,0.0,0.05,0.25,0.65,2.05,4.6,9.1,11.4,15.2,19.0,25.5,31.7,-32.9,-98.2,-182.3,-242.7,-319.3,-373.1,-439.1,-469.2,-498.3,-534.7,-555.3,-579.8,-592.0,-601.4,-615.7,-619.3,-622.2,-623.8,-624.5,-624.4,-626.2,-626.0,-625.5,-627.4000000000001
2019-09-13,-908.5,-909.8000000000002,-911.5999999999999,-915.0999999999999,-916.5,-917.5999999999999,-919.5,-917.9,-796.8,-678.3,-562.3,-450.2,-343.9,-268.1,-238.0,-209.0,-181.4,-148.7,-130.7,-113.8,-100.6,-83.6,-70.4,-58.5,-48.0,-38.9,-31.1,-24.6,-18.4,-14.9,-11.5,-6.3,-3.5,-1.25,-0.4,-0.35,-0.55,-1.4,-4.2,-5.5,-7.1,-9.4,-12.5,108.0,226.6,342.5,454.5,561.0,636.7,666.9,695.7,723.4,755.6,773.7,790.6,803.1,820.1,833.2,845.1,855.4,864.5,872.3,878.6,884.8,888.2,891.6,891.7,894.5,897.3,897.8,891.0999999999999,892.5,894.5,897.7,899.0999999999999,900.5,903.0,911.7,791.4,673.0,557.3,445.6,339.6,264.3,234.2,206.0,178.0,146.9,128.8,112.0,98.8,81.7,68.6,56.8,46.3,37.2,29.5,23.1,17.2,13.8,10.5,5.4,2.75,0.65,0.0,0.0,0.05,0.9,3.6,4.8,6.4,8.6,11.6,-109.0,-227.8,-343.8,-455.9,-562.5,-638.4,-668.6,-697.6,-725.4,-757.6,-775.8,-792.8,-806.3,-823.7,-837.0,-848.8,-859.5,-868.5,-876.4,-883.0,-889.1,-892.7,-896.2,-907.2,-910.8,-912.8,-915.2
2019-10-11,-883.3000000000002,-884.0999999999999,-885.1999999999998,-886.9000000000001,-889.9000000000001,-891.3,-893.2,-895.7,-898.8,-855.2,-760.2,-667.9,-578.4,-488.8,-404.0,-323.3,-247.7,-162.5,-147.1,-118.5,-93.5,-70.8,-61.2,-44.7,-31.3,-21.3,-17.5,-11.8,-7.8,-5.0,-4.0,-2.65,-1.35,-0.8,-0.65,-0.5,-0.7,-1.15,-2.2,-4.4,-5.7,-7.4,-9.7,-12.8,31.8,125.9,218.2,308.3,395.6,479.4,559.5,633.5,717.2,732.0,759.7,784.3,805.4,814.7,830.4,842.9,852.7,856.4,861.6,865.6,868.1,869.0,870.3,871.9,872.9,873.3,867.1999999999998,867.9000000000001,868.8000000000002,870.4000000000001,873.2,874.5999999999999,876.4000000000001,878.8,881.9,837.8,743.2,650.9,561.0,474.4,391.0,311.9,237.9,154.8,139.8,111.8,87.4,66.9,57.5,41.6,28.7,19.1,15.3,9.6,5.7,3.1,2.3,1.2,0.2,0.0,0.0,0.0,0.0,0.25,1.2,3.2,4.3,5.9,8.1,11.0,-33.7,-128.0,-220.5,-310.9,-398.5,-482.8,-563.8,-639.2,-724.4,-739.9,-768.9,-795.0,-817.7,-827.7,-845.1,-860.3,-870.1,-873.8,-878.7,-882.5,-885.0,-885.8,-887.0,-888.3,-889.2,-889.8
2019-11-15,-804.9000000000001,-806.0999999999999,-807.4000000000001,-808.0999999999999,-808.9000000000001,-810.0,-811.7,-812.2,-812.7,-692.4,-550.1,-412.5,-321.0,-279.6,-239.5,-201.5,-165.8,-126.0,-108.5,-92.3,-77.6,-60.3,-49.2,-39.5,-29.0,-22.7,-18.5,-13.6,-10.5,-7.9,-5.3,-2.65,-1.55,-0.75,-0.35,-0.35,-0.7,-1.45,-1.9,-2.5,-3.4,-4.8,-6.7,-9.6,110.9,253.4,390.8,482.5,524.0,564.0,601.9,637.2,676.0,693.6,708.7,723.4,740.5,751.6,761.1,771.5,777.8,782.0,786.7,789.8,792.5,795.1,792.4,793.6,795.3,795.4000000000001,789.4000000000001,790.4000000000001,791.8,792.5,793.5,794.5,795.9000000000001,798.3,807.3,687.1,544.8,407.6,316.4,275.1,235.4,197.6,162.3,124.5,106.9,90.8,76.0,58.7,47.7,38.2,27.8,21.6,17.3,12.6,9.6,6.9,4.3,1.85,0.85,0.2,0.0,0.0,0.15,0.9,1.3,1.85,2.65,4.0,5.9,8.7,-111.7,-254.4,-392.1,-483.5,-525.1,-565.2,-603.1,-638.9,-677.8,-695.4,-712.3,-727.3,-744.8,-756.1,-765.8,-776.5,-782.9,-787.0,-792.2,-795.4,-798.2,-800.4,-805.2,-806.4,-806.3,-810.2
2019-12-13,-1108.4,-1108.9,-1109.6,-1110.1999999999998,-1111.1999999999998,-1112.3,-1113.5,-1115.3,-1118.4,-820.4,-580.8,-510.8,-442.0,-375.0,-310.3,-248.4,-190.2,-121.6,-91.1,-55.2,-37.3,-18.6,-11.3,-5.5,-3.8,-2.2,-1.8,-1.3,-1.05,-0.75,-0.6,-0.5,-0.45,-0.4,-0.35,-0.4,-0.45,-0.55,-0.7,-1.0,-1.5,-2.25,-3.6,-6.3,288.1,527.7,597.7,666.2,733.0,797.6,859.2,916.9,983.5,1012.4,1047.7,1065.2,1083.0,1090.1,1095.9,1095.3,1096.9,1097.5,1097.6,1102.3,1098.7,1102.5,1098.3,1099.6,1098.9,1099.6,1091.8000000000002,1092.3000000000002,1092.9,1092.8000000000002,1094.3000000000002,1095.3,1096.1,1097.9,1101.9,810.0,570.8,501.0,432.6,366.1,301.5,240.4,183.5,115.9,89.1,53.4,35.5,17.3,10.1,4.5,2.7,1.45,1.0,0.5,0.25,0.05,0.0,0.0,0.0,0.0,0.0,0.0,0.0,0.0,0.05,0.35,0.8,1.5,2.9,5.5,-288.9,-528.8,-598.9,-667.5,-734.4,-799.1,-860.9,-918.9,-989.2,-1018.6,-1055.0,-1073.4,-1092.4,-1100.1,-1106.3,-1111.6,-1108.4,-1109.0,-1114.2,-1110.0,-1113.1,-1113.3,-1116.5,-1116.7,-1116.3,-1117.0
2020-01-17,-1461.5,-1462.4,-1464.4,-1464.8000000000002,-1467.3,-1069.0,-874.2,-707.2,-567.7,-477.6,-433.7,-386.5,-344.7,-304.1,-257.3,-220.4,-185.7,-146.8,-132.1,-113.0,-98.0,-84.1,-71.6,-60.4,-50.4,-41.7,-33.1,-26.0,-22.6,-16.9,-12.5,-10.0,-3.6,-1.1,-0.4,-0.25,-0.3,-0.4,-0.65,-2.0,392.0,586.7,753.9,893.5,983.8,1027.8,1075.1,1117.0,1157.7,1204.2,1241.1,1275.8,1313.9,1328.6,1347.7,1362.0,1375.7,1388.2,1399.3,1409.3,1418.0,1426.4,1433.5,1436.9,1442.6,1446.8,1449.4,1452.5,1456.5,1453.9,1448.3000000000002,1449.3000000000002,1450.6,1451.1,1453.6,1064.2,869.5,702.5,563.0,473.0,429.2,382.3,340.4,299.9,253.9,216.8,182.3,145.1,130.4,111.4,96.3,82.6,70.2,58.9,49.0,40.4,31.7,24.7,21.4,15.9,11.7,9.3,2.85,0.55,0.0,0.0,0.0,0.0,0.2,1.6,-392.7,-587.6,-755.0,-894.7,-985.2,-1029.2,-1076.6,-1118.5,-1159.1,-1205.7,-1242.6,-1277.3,-1315.5,-1330.2,-1349.5,-1365.7,-1379.6,-1392.2,-1403.5,-1413.5,-1422.2,-1430.8,-1438.0,-1441.4,-1447.1,-1451.3,-1453.7,-1463.8,-1466.9,-1472.4
2020-02-14,-1611.6999999999998,-1612.4,-1613.4,-1615.6999999999998,-1618.4,-1619.2,-1620.7,-1622.2,-1474.2,-1324.0,-1152.8,-1007.4,-863.7,-699.6,-563.6,-412.9,-293.9,-173.6,-158.8,-131.0,-118.2,-94.8,-84.3,-65.7,-57.6,-43.7,-37.8,-28.0,-23.8,-7.0,-4.2,-1.85,-1.4,-0.8,-0.5,-0.3,-0.45,-0.65,-1.4,-3.2,-4.2,-5.2,-6.6,141.4,289.1,460.5,606.1,749.9,914.0,1050.1,1200.3,1318.6,1437.9,1452.8,1479.3,1492.0,1515.2,1525.5,1544.0,1552.1,1565.9,1571.8,1581.5,1585.4,1602.3,1605.3,1607.5,1605.2,1606.5,1607.0,1598.5,1599.3000000000002,1600.3000000000002,1602.6,1605.3000000000002,1606.1,1607.5,1609.1,1461.2,1316.6,1145.5,1000.2,856.7,692.9,557.2,407.9,290.1,171.7,156.7,129.1,116.3,93.1,82.6,64.2,56.1,42.2,36.4,26.6,22.7,6.2,3.4,1.25,0.75,0.3,0.1,0.0,0.0,0.2,0.85,2.7,3.7,4.7,6.0,-142.0,-289.8,-461.3,-607.0,-750.9,-915.1,-1051.2,-1201.9,-1320.5,-1440.4,-1455.3,-1483.5,-1496.4,-1520.1,-1530.6,-1549.5,-1557.7,-1571.9,-1577.9,-1588.0,-1592.1,-1609.3,-1612.3,-1615.1,-1618.3,-1619.6,-1620.1
2020-03-12,147.80000000000018,143.19999999999982,132.5999999999999,109.70000000000005,87.70000000000005,53.799999999999955,17.09999999999991,-22.700000000000045,-71.5,-126.79999999999995,-188.29999999999995,-204.10000000000002,-221.0,-238.0,-255.29999999999995,-273.9,-293.1,-323.4,-364.3,-421.8,-356.2,-295.8,-239.9,-190.7,-146.3,-108.9,-83.5,-58.3,-37.3,-26.9,-14.8,-7.9,-5.8,-3.4,-2.8,-37.3,-47.3,-62.9,-83.7,-109.6,-141.5,-178.7,-221.9,-271.2,-327.5,-390.0,-407.3,-426.9,-442.8,-461.4,-480.4,-500.3,-534.2,-574.0,-634.8,-575.9,-520.2,-453.1,-412.29999999999995,-357.0,-329.5,-302.29999999999995,-277.4000000000001,-258.0999999999999,-240.5999999999999,-234.79999999999995,-231.20000000000005,-238.0999999999999,-237.5,-255.4000000000001,-191.4000000000001,-179.4000000000001,-172.5999999999999,-152.4000000000001,-129.9000000000001,-96.5,-61.09999999999991,-19.5,28.700000000000045,89.39999999999998,151.79999999999995,165.29999999999995,187.20000000000005,202.0,222.0,241.89999999999998,264.29999999999995,295.70000000000005,339.1,396.3,332.6,273.7,220.5,170.7,127.3,90.6,66.1,41.2,24.1,9.5,3.4,0.65,0.0,0.0,0.0,26.5,39.8,55.2,75.0,99.4,129.4,164.6,205.4,252.5,306.5,368.0,384.1,401.8,419.7,437.8,457.6,477.4,505.4,547.9,602.7,535.7,477.70000000000005,420.29999999999995,368.9,321.20000000000005,285.5999999999999,258.9000000000001,237.0999999999999,215.9000000000001,209.0999999999999,191.79999999999995,195.9000000000001,194.20000000000005,193.5,161.0
2020-04-09,-1005.4000000000001,-1009.6999999999998,-1016.5,-1003.9000000000001,-1028.5,-1036.7,-1048.4,-1062.2,-1074.7,-1042.9,-956.9,-854.7,-756.6,-680.0,-587.2,-517.2,-434.4,-357.4,-327.9,-299.0,-272.5,-247.5,-223.8,-201.4,-180.4,-161.3,-133.4,-117.7,-103.4,-90.4,-78.8,-68.5,-59.3,-33.0,-13.7,-4.6,-8.1,-16.1,-28.8,-53.9,-62.1,-74.0,-87.9,-100.5,-68.3,15.800000000000011,118.19999999999999,217.4,294.0,386.1,456.2,538.9,615.7,644.5,668.8,694.9,719.8,743.3,765.4,786.1,805.4,831.6,847.3,861.2,874.5,886.0,896.4,905.5,931.4,899.5999999999999,913.1999999999998,916.8000000000002,925.0999999999999,989.5,1014.8,1022.7,1035.0,1048.9,1061.6,1030.0,946.5,844.6,745.9,669.3,578.0,508.1,425.3,349.2,322.4,294.7,268.3,243.5,219.5,197.2,176.4,157.0,130.7,115.0,100.7,87.9,76.4,66.1,57.0,30.9,12.6,3.7,7.0,14.7,26.9,51.5,59.6,71.3,85.1,97.3,64.8,-19.099999999999994,-121.4,-221.0,-297.7,-389.9,-460.3,-543.5,-620.4,-649.3,-677.9,-704.4,-728.8,-753.5,-775.0,-796.1,-815.8,-842.5,-858.2,-872.4,-886.1,-897.7,-908.2,-917.8,-945.6,-990.0
2020-05-15,-1018.4000000000001,-1019.9000000000001,-1021.5,-1022.6999999999998,-1024.6999999999998,-1023.3000000000002,-1026.8000000000002,-1031.6,-1035.5,-1044.1,-1054.1,-1069.4,-1039.0,-889.5,-721.1,-584.1,-438.2,-308.8,-278.3,-236.5,-210.4,-174.2,-152.5,-122.0,-104.6,-81.5,-68.4,-51.3,-42.0,-30.6,-24.6,-17.8,-10.1,-3.7,-1.7,-2.45,-4.0,-5.3,-6.8,-9.0,-11.2,-14.8,-19.5,-25.1,-33.7,-43.9,-59.3,-29.900000000000006,121.8,287.6,424.6,569.9,699.6,727.8,769.4,795.3,831.2,853.0,882.7,900.2,923.1,936.2,952.9,962.1,973.3,972.6,980.5,988.2,993.8,997.5999999999999,1001.5999999999999,1002.3000000000002,1003.8000000000002,1004.4000000000001,1006.0,1012.0999999999999,1015.6999999999998,1020.5999999999999,1026.5,1035.1,1045.2,1060.6,1031.2,879.7,714.2,577.5,432.3,302.6,275.4,233.6,207.6,171.4,149.4,119.7,102.2,79.2,66.0,49.2,39.8,29.2,22.6,15.8,8.8,2.25,0.75,1.3,3.2,4.4,5.7,7.7,9.9,13.3,17.9,23.5,31.9,41.9,56.8,27.200000000000003,-124.5,-290.5,-427.7,-573.2,-703.2,-735.3,-777.3,-802.3,-837.9,-860.8,-890.2,-907.7,-930.8,-944.0,-961.1,-970.3,-981.5,-989.4,-996.3,-1001.8,-1011.8,-1013.4000000000001
2020-06-12,-636.4000000000001,-640.5,-649.0999999999999,-660.1999999999998,-664.2,-670.0,-677.9000000000001,-686.5,-697.4000000000001,-708.5,-724.5,-743.2,-765.5,-767.4,-649.6,-538.2,-434.0,-337.2,-294.5,-241.7,-194.6,-153.4,-117.6,-95.2,-70.7,-51.2,-36.4,-25.7,-18.0,-13.9,-10.1,-8.2,-4.6,-2.65,-2.05,-6.8,-10.8,-19.4,-30.5,-34.4,-40.7,-49.4,-58.2,-69.4,-80.6,-95.5,-114.7,-138.1,-140.5,-23.69999999999999,86.80000000000001,189.89999999999998,280.4,322.9,375.0,421.4,461.9,496.29999999999995,518.4,543.1,562.1,576.6,587.5,594.9000000000001,598.5,602.2,604.5999999999999,608.5,610.3,611.5999999999999,614.5999999999999,618.5999999999999,627.6999999999998,638.8000000000002,643.9000000000001,649.8,657.5,666.5,677.8,689.0999999999999,705.2,724.7,748.2,751.2,634.8,524.8,422.7,329.5,288.1,235.7,188.9,148.0,113.2,90.9,66.7,47.7,33.4,22.9,15.7,11.8,7.6,5.0,1.55,0.0,0.0,4.1,7.9,16.2,26.9,32.3,38.2,45.5,54.1,65.2,75.9,91.5,110.8,133.5,135.4,18.099999999999994,-92.9,-196.39999999999998,-291.7,-335.9,-388.7,-437.4,-479.29999999999995,-515.1,-538.0,-563.0,-582.4,-597.0,-607.2,-615.4000000000001,-618.8,-622.7,-625.2,-628.5999999999999,-632.0999999999999,-633.0
2020-07-17,-1171.6999999999998,-1173.6999999999998,-1176.8000000000002,-1181.4,-1182.6999999999998,-1186.0,-1189.8000000000002,-1194.7,-1202.0,-1210.5,-1223.4,-1213.1,-1054.2,-882.1,-738.6,-584.6,-460.9,-334.9,-278.1,-216.2,-173.3,-127.4,-92.1,-70.0,-48.9,-34.1,-25.4,-18.0,-13.1,-10.4,-8.2,-6.5,-5.4,-4.4,-2.35,-2.5,-4.0,-6.7,-12.2,-14.5,-17.8,-21.5,-26.4,-33.5,-42.2,-55.5,-45.8,109.9,281.7,425.0,578.2,701.4,823.6,878.5,939.5,981.6,1025.8,1060.8,1082.8,1103.5,1118.1,1126.4,1133.2,1138.0,1140.7,1140.0,1141.8,1142.9,1144.8,1146.5,1147.3999999999996,1150.4,1152.1999999999998,1158.1,1162.4,1165.8000000000002,1169.6999999999998,1174.7,1182.3,1191.0,1204.1,1194.3,1039.1,867.9,725.0,572.2,449.7,325.9,271.5,210.8,168.3,123.7,88.4,66.4,45.6,31.5,23.8,16.6,11.0,8.3,5.9,4.3,3.3,2.5,0.85,0.5,1.85,4.4,9.3,11.5,15.8,19.6,24.5,31.9,40.4,53.3,43.0,-113.1,-285.2,-428.3,-583.9,-708.1,-833.0,-888.0,-951.4,-994.4,-1039.4,-1075.5,-1098.0,-1119.1,-1134.2,-1142.9,-1152.9,-1158.2,-1161.0,-1164.1,-1165.1,-1167.1,-1168.1,-1169.8000000000002
2020-08-14,-887.8000000000002,-889.9000000000001,-894.5,-897.0999999999999,-899.6999999999998,-902.4000000000001,-906.3,-911.5,-918.2,-926.9000000000001,-939.0999999999999,-953.8,-973.2,-849.1,-704.7,-569.0,-443.7,-316.9,-274.6,-223.4,-178.2,-139.5,-107.2,-87.1,-65.1,-48.2,-35.6,-26.5,-19.7,-16.0,-12.2,-10.1,-6.2,-3.1,-1.75,-4.0,-6.2,-10.5,-13.1,-15.5,-18.5,-22.4,-27.5,-34.0,-43.3,-54.9,-70.2,-89.6,35.599999999999994,179.0,314.1,439.2,565.8,607.9,656.5,700.8,738.8,770.9,791.4,813.4,830.2,842.7,851.5,858.0999999999999,862.0,865.8,868.0999999999999,871.7,875.2,876.5999999999999,878.6999999999998,880.8000000000002,885.4000000000001,888.0999999999999,890.6999999999998,893.4000000000001,897.4000000000001,902.7,909.5999999999999,918.5999999999999,930.5,945.7,965.2,840.2,696.9,561.9,437.7,312.8,270.9,219.9,175.0,136.5,104.4,84.4,62.9,46.1,33.5,24.3,17.7,14.0,10.4,7.8,4.0,1.75,1.0,2.4,4.4,8.5,11.0,13.3,16.3,20.4,25.5,32.2,41.1,52.7,67.8,87.0,-38.5,-182.3,-317.6,-442.6,-569.4,-611.8,-663.4,-708.7,-747.7,-780.5,-799.7,-821.8,-838.7,-851.5,-860.3,-867.0,-870.9000000000001,-874.8,-877.0999999999999,-881.3,-884.3,-885.8000000000002
2020-09-11,-457.0,-459.0,-462.0,-455.5,-466.4000000000001,-491.5,-503.79999999999995,-516.4000000000001,-531.4000000000001,-549.2,-569.9000000000001,-594.0,-627.7,-660.2,-672.0,-588.4,-509.3,-421.8,-330.0,-250.2,-183.3,-127.2,-88.1,-58.5,-38.5,-25.8,-18.0,-13.2,-10.3,-6.4,-7.0,-6.1,-5.5,-5.0,-4.3,-6.3,-8.2,-11.1,-16.2,-27.1,-52.5,-65.2,-78.2,-93.4,-111.9,-133.2,-157.9,-192.5,-225.9,-238.60000000000002,-156.10000000000002,-78.0,7.5,97.60000000000002,175.70000000000005,241.29999999999995,293.9,334.0,362.9000000000001,382.4000000000001,395.0,402.79999999999995,407.5999999999999,410.5999999999999,412.5999999999999,402.0,403.0,403.0,404.0,404.0,407.0,410.0,413.0,431.1999999999998,442.3000000000002,467.5,480.0999999999999,492.9000000000001,508.29999999999995,526.4000000000001,547.7,572.4,607.1,640.5,653.3,570.8,493.7,407.4,317.4,239.4,174.0,121.9,82.1,53.5,34.1,21.6,13.8,9.1,6.1,4.2,2.95,2.05,1.4,0.95,0.2,2.2,4.1,7.0,12.1,24.3,48.8,60.6,71.8,88.0,105.7,126.5,148.9,182.3,215.0,226.8,143.10000000000002,64.10000000000002,-23.100000000000023,-114.89999999999998,-195.20000000000005,-262.29999999999995,-315.9,-357.0,-386.5,-406.4000000000001,-419.20000000000005,-427.0999999999999,-432.0,-435.0999999999999,-437.0999999999999,-452.0,-453.0,-453.0,-454.0,-454.0
2020-10-16,-892.0,-892.6999999999998,-895.6999999999998,-900.0,-901.4000000000001,-905.5999999999999,-909.0999999999999,-915.5,-923.0999999999999,-934.0,-950.9000000000001,-971.3,-998.2,-1037.1,-932.3,-745.7,-591.8,-439.1,-346.7,-265.7,-197.8,-144.1,-102.2,-71.1,-48.7,-33.9,-23.7,-17.0,-12.3,-9.4,-7.1,-5.5,-4.4,-2.2,-1.45,-1.7,-2.85,-4.8,-8.8,-10.8,-14.1,-18.2,-23.9,-32.8,-43.6,-60.5,-81.3,-108.3,-147.6,-43.0,142.7,296.0,447.5,539.9,619.9,686.7,740.4,781.8,812.4000000000001,834.0999999999999,849.0999999999999,857.3,864.0999999999999,866.5,869.8000000000002,872.0999999999999,874.0999999999999,875.0,877.6999999999998,879.0,876.6000000000004,878.3000000000002,880.1999999999998,884.1999999999998,886.5999999999999,889.6999999999998,894.0,899.5,910.5,921.3,939.8,960.2,987.0,1026.1,922.0,736.8,584.0,433.2,340.9,261.0,194.1,140.2,98.4,67.6,46.0,31.4,21.5,14.8,10.3,6.9,4.7,3.2,2.1,0.0,0.0,0.0,1.05,3.0,6.9,9.0,12.3,16.3,21.9,30.4,41.0,57.9,78.3,105.0,144.3,39.599999999999994,-146.6,-300.2,-452.1,-544.7,-625.6,-694.1,-748.4,-791.2,-822.9000000000001,-845.0999999999999,-860.0,-869.9000000000001,-876.7,-881.9000000000001,-885.0,-887.1999999999998,-888.9000000000001,-890.8000000000002,-893.1999999999998,-893.3999999999996
2020-11-13,-465.0,-467.8000000000002,-470.5999999999999,-475.4000000000001,-478.9000000000001,-483.4000000000001,-488.20000000000005,-495.20000000000005,-504.0999999999999,-513.5999999999999,-527.4000000000001,-545.3,-564.5,-592.9,-628.3,-565.3,-443.6,-333.8,-252.4,-183.6,-128.0,-80.4,-52.3,-34.4,-22.3,-15.7,-11.9,-9.2,-7.1,-6.0,-5.2,-4.5,-4.1,-3.7,-2.8,-6.0,-9.0,-16.0,-20.6,-24.0,-28.3,-32.9,-40.5,-49.5,-59.4,-73.2,-92.2,-111.1,-139.2,-175.8,-113.6,7.699999999999989,114.69999999999999,194.89999999999998,262.8,317.0,363.5,390.70000000000005,408.79999999999995,421.5999999999999,428.20000000000005,432.29999999999995,432.4000000000001,434.5,435.70000000000005,436.5999999999999,437.3000000000002,437.8000000000002,438.1999999999998,439.1999999999998,443.0999999999999,445.9000000000001,455.5999999999999,460.3000000000002,463.9000000000001,468.5,473.29999999999995,480.29999999999995,489.0999999999999,498.79999999999995,513.0999999999999,531.4000000000001,551.0,579.6,615.6,553.5,432.6,324.8,245.0,177.1,122.3,76.1,49.2,31.2,18.6,12.1,7.9,5.3,3.2,2.05,1.3,0.6,0.2,0.0,0.0,3.8,6.8,13.4,17.9,21.5,25.6,29.9,36.9,45.6,55.2,69.2,86.9,106.4,134.2,169.6,106.80000000000001,-15.0,-124.30000000000001,-205.89999999999998,-274.6,-330.6,-377.70000000000005,-405.20000000000005,-423.4,-436.20000000000005,-443.29999999999995,-447.5,-454.29999999999995,-456.4000000000001,-457.5999999999999,-458.5,-459.1999999999998,-459.6999999999998,-460.0999999999999,-461.0999999999999
2020-12-11,-623.1999999999998,-626.6999999999998,-634.1999999999998,-636.6999999999998,-640.0,-643.6999999999998,-649.0,-655.9000000000001,-663.4000000000001,-675.3,-687.8,-703.0,-726.3,-752.1,-764.3,-630.1,-488.1,-358.5,-288.8,-215.1,-164.2,-115.3,-78.8,-56.8,-38.2,-25.9,-18.9,-13.3,-9.5,-7.3,-5.4,-4.1,-3.9,-2.5,-1.55,-4.7,-7.8,-14.5,-16.8,-20.5,-24.3,-29.4,-36.0,-43.4,-54.4,-66.7,-85.4,-109.1,-135.5,-148.4,-14.800000000000011,126.39999999999998,252.5,322.2,390.7,441.1,489.1,525.3,548.4,567.2,579.5999999999999,586.5999999999999,591.4000000000001,594.5999999999999,596.8,598.5,599.9000000000001,600.8000000000002,602.4000000000001,603.4000000000001,601.1999999999998,605.5,612.9000000000001,615.4000000000001,618.0,621.6999999999998,627.0,634.7,642.2,653.3,665.8,684.0999999999999,707.9000000000001,736.7,748.9,616.1,475.8,353.3,283.7,210.8,159.9,111.6,75.3,53.4,34.9,22.8,15.6,10.1,6.3,4.4,2.8,1.8,0.95,0.0,0.0,2.4,4.9,11.9,14.1,17.6,21.2,26.6,33.1,40.1,51.1,63.3,81.6,105.1,131.5,144.1,9.900000000000006,-131.39999999999998,-257.6,-327.3,-404.6,-457.29999999999995,-509.6,-542.9,-565.4,-585.5,-598.3,-605.2,-613.4000000000001,-616.4000000000001,-618.5,-620.5,-621.7,-622.6999999999998,-624.3000000000002,-625.3000000000002
2021-01-15,-326.8000000000002,-326.3000000000002,-335.1999999999998,-344.5,-350.6999999999998,-357.0999999999999,-364.9000000000001,-376.0,-387.79999999999995,-401.9000000000001,-418.70000000000005,-442.29999999999995,-466.4,-494.5,-533.2,-572.2,-492.8,-379.6,-294.1,-208.3,-148.4,-95.0,-58.1,-37.1,-21.7,-12.9,-8.6,-5.8,-4.2,-3.3,-2.65,-2.15,-1.75,-1.5,-1.15,-9.4,-14.1,-22.7,-32.1,-38.1,-44.6,-52.7,-64.0,-76.0,-90.2,-107.2,-131.0,-155.3,-183.7,-222.8,-262.1,-182.89999999999998,-71.39999999999998,14.0,96.70000000000005,156.39999999999998,209.5,245.60000000000002,266.1,280.9000000000001,289.5999999999999,294.0,297.0,294.79999999999995,295.79999999999995,296.5,297.0999999999999,297.4000000000001,297.8000000000002,298.3000000000002,304.8000000000002,311.8000000000002,321.3000000000002,330.9000000000001,337.4000000000001,344.0,352.0,363.5,375.29999999999995,390.20000000000005,407.0,431.29999999999995,455.79999999999995,484.79999999999995,524.2,563.8,485.1,375.5,290.0,204.4,144.5,91.1,54.4,33.9,19.1,10.4,6.0,3.2,1.7,0.95,0.5,0.25,0.1,0.0,0.0,6.8,11.5,19.9,29.1,35.3,41.7,49.5,60.7,72.5,86.6,103.4,127.2,151.4,179.8,218.9,258.1,178.89999999999998,67.30000000000001,-18.30000000000001,-106.29999999999995,-166.70000000000005,-220.70000000000005,-258.20000000000005,-279.1,-294.5,-303.79999999999995,-308.5999999999999,-311.79999999999995,-316.79999999999995,-317.79999999999995,-318.5,-319.0999999999999,-319.4000000000001,-319.8000000000002,-320.3000000000002
2021-02-12,-291.5,-290.4000000000001,-295.4000000000001,-298.4000000000001,-301.9000000000001,-306.4000000000001,-311.4000000000001,-317.79999999999995,-325.5,-336.4000000000001,-348.5,-363.4000000000001,-381.70000000000005,-404.6,-433.1,-469.1,-440.4,-310.3,-239.1,-169.0,-114.5,-74.9,-48.2,-33.6,-22.2,-15.1,-10.6,-7.7,-5.7,-4.5,-3.4,-2.7,-2.15,-1.3,-0.8,-9.8,-15.0,-19.8,-22.7,-26.1,-30.3,-35.5,-41.8,-49.7,-60.9,-73.4,-88.7,-107.6,-130.5,-159.3,-195.3,-166.3,-36.30000000000001,31.30000000000001,100.80000000000001,155.60000000000002,193.60000000000002,220.20000000000005,234.79999999999995,246.5,253.79999999999995,258.29999999999995,256.5999999999999,256.29999999999995,259.79999999999995,260.9000000000001,260.29999999999995,261.1999999999998,262.3000000000002,262.9000000000001,270.5999999999999,279.8000000000002,284.9000000000001,287.9000000000001,291.4000000000001,295.8000000000002,301.0,307.29999999999995,314.9000000000001,326.0,338.9000000000001,353.5,372.0,395.0,424.4,460.1,432.0,302.8,235.0,165.2,110.9,71.7,45.4,31.1,20.0,13.2,8.9,6.1,4.2,3.1,2.2,1.6,1.15,0.4,0.05,8.1,13.2,17.9,20.6,24.0,28.1,33.2,39.4,47.1,58.3,70.5,85.7,104.4,127.4,155.8,191.5,162.4,32.19999999999999,-39.5,-109.60000000000002,-163.79999999999995,-203.10000000000002,-229.60000000000002,-244.5,-256.20000000000005,-263.5,-268.20000000000005,-278.5999999999999,-278.20000000000005,-280.79999999999995,-281.9000000000001,-281.4000000000001,-283.1999999999998,-282.8000000000002,-283.6999999999998
2021-03-12,800.8000000000002,795.5,792.8000000000002,789.5,785.4000000000001,780.0999999999999,772.4000000000001,763.5999999999999,752.5999999999999,738.8,721.7,700.3,670.2,637.9,599.3,553.5,499.29999999999995,424.8,322.7,194.6,39.599999999999994,-61.0,-36.1,-22.3,-14.1,-9.8,-6.9,-4.8,-3.3,-2.4,-1.9,-1.55,-1.4,-1.2,-1.15,-10.6,-16.2,-18.1,-22.0,-25.4,-31.2,-39.0,-48.0,-59.3,-73.6,-91.3,-113.9,-144.7,-177.5,-216.5,-262.3,-316.5,-391.5,-500.3,-629.0,-785.9,-887.7,-863.4000000000001,-849.9000000000001,-841.5999999999999,-837.3,-834.5999999999999,-832.9000000000001,-831.5,-830.5999999999999,-830.0,-829.3000000000002,-828.9000000000001,-828.5999999999999,-828.1999999999998,-821.5999999999999,-816.0,-813.3000000000002,-809.8000000000002,-805.5,-800.0,-791.9000000000001,-782.9000000000001,-771.4000000000001,-757.0,-739.0999999999999,-716.3,-685.8,-652.7,-613.1,-565.5,-509.70000000000005,-433.3,-327.5,-199.3,-43.599999999999994,57.2,32.5,18.9,10.9,6.8,4.1,2.35,1.05,0.25,0.0,0.0,0.0,0.0,0.0,7.9,13.1,16.0,19.1,23.1,28.3,36.1,45.0,56.2,70.4,87.6,109.4,140.2,173.0,211.9,257.7,312.0,386.5,487.3,614.9,768.9,868.8,843.4000000000001,829.3,820.7,816.0,813.3000000000002,811.5,810.0999999999999,809.1999999999998,808.5,807.9000000000001,807.4000000000001,807.0999999999999,806.6999999999998
2021-04-16,-1050.3999999999996,-1052.3000000000002,-1053.3000000000002,-1053.4,-1055.1,-1056.3000000000002,-1057.9,-1050.1999999999998,-1053.3000000000002,-1057.5,-1063.5,-1072.1,-1084.6,-1103.3,-880.5,-669.6,-476.0,-293.0,-211.6,-145.7,-95.9,-61.1,-38.5,-24.2,-15.9,-10.9,-7.4,-5.5,-4.2,-3.3,-2.5,-2.25,-1.95,-1.75,-1.25,-2.25,-3.8,-4.3,-5.0,-5.8,-7.0,-8.6,-10.8,-13.8,-18.0,-23.3,-32.0,-45.1,-64.0,158.6,369.4,562.3,744.4,824.4,889.7,938.8,973.0,995.4,1009.4,1017.9000000000001,1023.0,1026.7,1020.3,1021.8,1023.2,1023.7,1023.9000000000001,1024.6,1024.6,1025.1999999999998,1024.8000000000002,1026.5,1027.0,1027.1999999999998,1028.5,1029.6,1031.1999999999998,1041.1999999999998,1044.3000000000002,1048.5,1054.4,1063.1,1075.9,1094.7,872.2,661.9,469.1,288.4,207.4,141.8,92.8,58.5,36.1,22.3,13.9,8.8,5.2,3.4,2.25,1.55,1.05,0.75,0.55,0.35,0.0,0.65,2.1,2.55,3.0,3.8,5.0,6.5,8.6,11.6,15.8,21.6,30.2,42.7,61.4,-161.4,-372.5,-566.2,-748.9,-830.6,-896.6,-946.3,-981.2,-1004.1,-1018.2,-1026.4,-1031.9,-1035.6,-1047.1,-1047.8,-1049.3,-1049.9,-1049.8000000000002,-1050.6,-1050.1,-1050.9
2021-05-14,444.4000000000001,440.0,437.4000000000001,435.1999999999998,432.0999999999999,428.5999999999999,424.3000000000002,418.0999999999999,411.0,402.0999999999999,390.5,373.20000000000005,353.5,328.5,292.1,252.29999999999995,202.89999999999998,133.5,27.0,-109.1,-55.0,-27.6,-14.9,-9.3,-5.7,-4.1,-3.2,-2.55,-2.0,-1.65,-1.45,-1.3,-1.15,-1.1,-0.9,-6.4,-11.2,-13.6,-15.8,-18.9,-22.3,-26.6,-32.8,-39.8,-48.8,-60.3,-77.6,-97.6,-123.0,-160.6,-201.2,-250.4,-321.9,-429.7,-568.1,-514.8,-487.5,-475.20000000000005,-469.5,-466.5999999999999,-464.9000000000001,-463.70000000000005,-462.9000000000001,-462.1999999999998,-461.6999999999998,-461.1999999999998,-460.8000000000002,-460.5999999999999,-460.5,-460.10000000000036,-457.1999999999998,-452.5999999999999,-450.0999999999999,-447.8000000000002,-444.5999999999999,-441.0999999999999,-436.70000000000005,-430.4000000000001,-423.20000000000005,-414.0999999999999,-402.4000000000001,-384.70000000000005,-364.6,-339.1,-302.1,-261.29999999999995,-211.0,-137.5,-32.19999999999999,105.8,52.8,25.4,13.3,7.1,4.3,2.6,1.55,0.9,0.45,0.1,0.0,0.0,0.0,0.0,0.0,5.0,9.3,12.0,14.1,17.2,20.5,24.5,30.4,37.4,46.3,57.8,74.9,94.8,119.7,156.5,196.9,246.5,317.8,421.1,557.9,503.29999999999995,475.20000000000005,462.5,456.70000000000005,453.70000000000005,452.0,450.79999999999995,450.0,449.3000000000002,448.8000000000002,448.3000000000002,447.9000000000001,447.6999999999998,447.5999999999999,447.3000000000002
2021-06-11,-473.1999999999998,-475.5,-477.0999999999999,-478.1999999999998,-479.5,-480.9000000000001,-482.9000000000001,-485.5,-488.79999999999995,-492.79999999999995,-498.5,-505.5,-516.0999999999999,-529.3,-550.7,-558.0,-383.2,-235.2,-146.4,-83.6,-41.6,-23.0,-12.8,-8.3,-5.7,-4.4,-3.3,-2.35,-1.85,-1.55,-1.3,-1.15,-1.05,-1.0,-0.85,-2.95,-4.9,-6.3,-7.4,-8.8,-10.2,-12.1,-14.6,-17.6,-21.2,-26.7,-34.2,-44.8,-58.6,-80.7,-88.4,86.0,233.0,320.5,382.6,424.1,442.20000000000005,452.1,456.29999999999995,458.5999999999999,460.20000000000005,461.20000000000005,462.0999999999999,462.70000000000005,463.3000000000002,463.8000000000002,464.1999999999998,464.5999999999999,464.6999999999998,464.9000000000001,464.10000000000036,466.4000000000001,467.9000000000001,469.0999999999999,470.4000000000001,471.8000000000002,473.9000000000001,476.5,479.9000000000001,483.9000000000001,489.79999999999995,497.5999999999999,508.4000000000001,522.0,544.0,552.0,377.9,231.5,143.4,81.1,39.7,21.5,11.5,7.2,4.7,2.9,1.9,1.1,0.5,0.15,0.0,0.0,0.0,0.0,0.0,1.55,3.3,4.7,5.8,7.1,8.5,10.4,12.8,16.2,19.8,25.3,32.9,43.6,56.9,78.9,85.6,-89.0,-236.8,-325.7,-388.5,-431.20000000000005,-450.1,-460.29999999999995,-465.5,-467.0999999999999,-469.5,-470.5,-471.4000000000001,-472.0,-472.5999999999999,-473.0999999999999,-473.5,-473.9000000000001,-474.0,-474.1999999999998
2021-07-16,-186.39999999999964,-188.9000000000001,-193.0,-194.9000000000001,-197.0,-199.5999999999999,-203.30000000000018,-207.30000000000018,-212.5,-220.20000000000005,-229.29999999999995,-239.5,-257.9000000000001,-279.6,-309.5,-354.29999999999995,-406.3,-306.0,-197.9,-115.2,-56.6,-29.3,-14.6,-9.5,-6.6,-4.8,-3.6,-2.55,-2.0,-1.7,-1.45,-1.3,-1.15,-1.05,-0.9,-4.1,-6.6,-10.4,-12.2,-14.3,-16.8,-20.4,-24.4,-29.5,-37.0,-46.3,-57.8,-76.2,-98.3,-127.9,-172.8,-225.6,-129.2,-25.899999999999977,55.39999999999998,113.39999999999998,140.79999999999995,154.79999999999995,160.4000000000001,162.9000000000001,164.9000000000001,166.0,167.5,168.0999999999999,168.5,168.80000000000018,168.5999999999999,169.30000000000018,169.5,170.0,169.80000000000018,172.4000000000001,176.5,178.4000000000001,180.5999999999999,183.19999999999982,187.0,191.0999999999999,196.4000000000001,204.0999999999999,213.29999999999995,224.9000000000001,243.29999999999995,266.1,295.70000000000005,341.1,394.1,302.0,193.9,112.0,53.9,26.8,13.3,7.5,5.1,3.2,1.9,0.9,0.35,0.1,0.0,0.0,0.0,0.0,0.0,2.55,4.8,8.5,10.5,13.1,15.5,19.0,22.9,27.9,35.2,44.0,55.7,73.6,95.5,124.5,169.3,221.6,125.10000000000002,13.600000000000023,-69.39999999999998,-127.89999999999998,-155.70000000000005,-170.29999999999995,-175.5999999999999,-179.4000000000001,-181.5,-182.79999999999995,-184.0999999999999,-184.69999999999982,-185.0999999999999,-185.4000000000001,-185.5,-185.9000000000001,-186.0999999999999,-186.60000000000036
2021-08-13,-128.39999999999964,-131.0,-134.4000000000001,-135.69999999999982,-134.0,-136.0999999999999,-138.4000000000001,-141.19999999999982,-144.70000000000005,-149.70000000000005,-155.4000000000001,-163.0,-173.5999999999999,-190.60000000000002,-212.89999999999998,-245.10000000000002,-291.1,-240.9,-137.0,-61.2,-27.7,-11.9,-6.5,-3.9,-2.8,-2.1,-2.1,-1.8,-1.65,-1.45,-1.3,-1.2,-0.85,-0.75,-0.65,-3.9,-6.2,-9.3,-10.6,-12.1,-14.1,-16.2,-18.9,-22.2,-27.0,-32.9,-40.8,-52.1,-70.1,-93.6,-127.0,-174.3,-125.6,-24.600000000000023,48.69999999999999,80.89999999999998,95.79999999999995,99.0,101.09999999999991,102.40000000000009,102.20000000000005,103.20000000000005,103.19999999999982,103.69999999999982,103.40000000000009,103.69999999999982,103.80000000000018,104.19999999999982,104.69999999999982,104.69999999999982,105.19999999999982,107.69999999999982,110.30000000000018,111.80000000000018,115.80000000000018,118.0,120.40000000000009,123.30000000000018,127.0,132.20000000000005,138.79999999999995,147.0,159.0,176.5,200.60000000000002,235.0,282.7,236.8,133.6,58.6,25.8,10.3,4.6,2.5,1.5,0.85,0.65,0.45,0.25,0.0,0.0,0.0,0.0,0.0,0.0,2.25,4.5,7.7,8.8,10.2,11.8,14.6,17.1,20.5,25.5,31.3,39.1,50.0,67.9,91.3,123.8,171.0,121.6,15.0,-61.89999999999998,-96.60000000000002,-113.0,-121.59999999999991,-123.70000000000005,-125.0,-125.5,-126.40000000000009,-126.40000000000009,-127.0,-126.69999999999982,-126.90000000000009,-127.09999999999991,-127.5,-128.0,-128.0
2021-09-10,-432.0,-439.6999999999998,-446.0999999999999,-448.8000000000002,-452.1999999999998,-455.0,-460.8000000000002,-466.3000000000002,-473.0,-481.20000000000005,-491.29999999999995,-504.0999999999999,-519.8,-541.0999999999999,-568.1,-604.6,-479.4,-304.6,-192.6,-99.8,-49.4,-21.7,-10.6,-6.5,-4.2,-3.0,-2.4,-1.9,-1.6,-1.4,-1.25,-1.1,-1.0,-0.9,-0.75,-6.2,-11.1,-17.2,-19.9,-23.1,-27.0,-31.6,-37.1,-43.8,-52.1,-62.4,-75.5,-92.2,-113.9,-142.4,-180.9,-56.900000000000006,111.39999999999998,218.7,310.9,358.1,385.70000000000005,396.79999999999995,399.70000000000005,403.29999999999995,403.70000000000005,403.79999999999995,404.5999999999999,405.0999999999999,405.4000000000001,405.5999999999999,405.4000000000001,405.5999999999999,405.9000000000001,406.3000000000002,409.89999999999964,414.6999999999998,421.3000000000002,424.1999999999998,427.6999999999998,430.5,436.4000000000001,442.0,448.8000000000002,457.5,467.5,481.5999999999999,498.5,521.6,551.5,589.8,467.9,300.4,188.2,96.1,46.8,19.9,8.6,4.9,2.7,1.65,1.25,0.8,0.55,0.5,0.3,0.2,0.15,0.1,0.0,5.2,9.9,15.9,18.8,22.0,25.9,30.7,36.0,42.6,50.7,60.9,73.4,90.0,111.7,140.0,177.9,53.400000000000006,-117.80000000000001,-235.2,-327.9,-379.79999999999995,-409.4,-418.4000000000001,-422.79999999999995,-425.0999999999999,-426.29999999999995,-427.0,-427.5,-427.9000000000001,-428.1999999999998,-428.4000000000001,-428.5999999999999,-428.8000000000002,-428.9000000000001,-429.3000000000002
2021-10-15,367.60000000000036,365.6999999999998,364.6999999999998,363.4000000000001,361.9000000000001,360.0,357.6999999999998,354.5,350.29999999999995,344.79999999999995,337.4000000000001,327.5,315.5999999999999,297.9,273.1,238.29999999999995,189.10000000000002,117.10000000000002,24.400000000000006,-71.8,-31.4,-13.8,-6.8,-4.1,-2.6,-1.85,-1.4,-1.1,-0.9,-0.75,-0.65,-0.6,-0.55,-0.5,-0.4,-4.2,-6.1,-7.2,-8.5,-10.0,-12.0,-14.1,-17.2,-21.3,-26.8,-34.2,-44.3,-56.4,-75.0,-100.7,-136.4,-186.8,-260.1,-357.7,-455.7,-417.1,-400.29999999999995,-393.5,-391.0,-389.79999999999995,-389.20000000000005,-388.79999999999995,-388.4000000000001,-388.0999999999999,-387.8000000000002,-387.5999999999999,-387.4000000000001,-387.3000000000002,-387.0999999999999,-386.8000000000002,-386.10000000000036,-384.0,-382.9000000000001,-381.5999999999999,-380.0,-377.9000000000001,-375.5999999999999,-372.1999999999998,-367.70000000000005,-361.9000000000001,-354.20000000000005,-343.5,-331.0,-311.79999999999995,-284.79999999999995,-248.39999999999998,-197.0,-122.1,-27.400000000000006,69.5,29.5,12.5,5.6,3.0,1.7,1.05,0.65,0.35,0.2,0.1,0.0,0.0,0.0,0.0,0.0,3.1,5.0,6.0,7.2,8.8,10.7,12.8,15.8,19.8,25.2,32.6,42.4,54.5,73.0,98.5,133.9,183.7,256.6,349.5,443.9,400.79999999999995,382.5,375.0999999999999,372.5,371.29999999999995,370.5999999999999,370.20000000000005,369.9000000000001,369.5,369.3000000000002,369.0,368.8000000000002,368.6999999999998,368.4000000000001,368.10000000000036
2021-11-12,-1203.8000000000002,-1206.5,-1207.5,-1208.5,-1209.8000000000002,-1211.6,-1213.3000000000002,-1216.1999999999998,-1219.6,-1224.0,-1230.3000000000002,-1239.1,-1250.4,-1245.3,-975.5,-741.1,-509.2,-313.1,-234.5,-159.8,-104.2,-65.4,-40.6,-25.4,-17.5,-12.4,-9.4,-7.0,-5.6,-4.5,-3.7,-3.2,-2.6,-2.2,-1.25,-3.3,-5.6,-6.6,-7.5,-8.4,-10.3,-11.9,-14.8,-18.0,-22.3,-28.8,-38.1,-50.5,-45.3,224.4,457.1,687.8,881.6,959.6,1032.9,1087.3,1124.6,1147.1,1161.6,1170.1,1175.9,1178.9,1181.4,1181.7,1183.8000000000002,1184.5,1185.1,1185.5,1186.0,1186.1,1186.3999999999996,1189.5,1190.5,1191.5,1192.4,1194.3000000000002,1195.9,1198.9,1202.4,1208.0,1214.6999999999998,1222.4,1236.7,1229.4,960.3,729.8,500.4,308.2,229.5,155.3,99.9,62.0,38.0,23.7,14.9,9.7,7.0,5.0,3.8,3.0,2.25,1.7,1.25,0.85,0.0,1.95,4.2,5.0,5.8,6.9,8.4,10.5,12.8,16.5,20.8,27.3,36.4,48.5,42.5,-226.8,-461.5,-693.0,-887.5,-967.4,-1043.0,-1098.4,-1138.4,-1163.4,-1178.4,-1187.1,-1192.5,-1195.7,-1197.7,-1199.1,-1200.1,-1200.9,-1201.5,-1202.0,-1202.5,-1203.6
2021-12-17,404.60000000000036,390.4000000000001,384.3000000000002,386.0,380.9000000000001,367.8000000000002,360.6999999999998,352.3000000000002,340.79999999999995,328.20000000000005,310.79999999999995,291.5999999999999,267.9000000000001,243.20000000000005,205.5,152.89999999999998,94.89999999999998,13.199999999999989,-89.89999999999998,-183.6,-115.0,-65.8,-39.6,-23.1,-14.9,-9.5,-6.5,-4.4,-3.3,-2.4,-1.95,-1.65,-1.5,-1.25,-1.15,-11.2,-19.8,-25.6,-30.3,-35.3,-42.0,-49.2,-57.8,-69.6,-82.6,-100.7,-120.6,-145.2,-179.7,-217.7,-270.5,-329.0,-411.2,-514.9,-609.2,-541.2,-500.79999999999995,-472.0,-458.9000000000001,-450.9000000000001,-444.79999999999995,-448.6999999999998,-436.3000000000002,-436.0999999999999,-435.3000000000002,-434.6999999999998,-433.0,-443.5999999999999,-434.60000000000036,-442.10000000000036,-426.0,-422.4000000000001,-412.0999999999999,-410.9000000000001,-404.5999999999999,-398.5999999999999,-391.0999999999999,-387.4000000000001,-367.0,-357.20000000000005,-343.29999999999995,-321.5,-297.29999999999995,-252.10000000000002,-213.89999999999998,-160.70000000000005,-101.89999999999998,-19.30000000000001,84.30000000000001,178.3,110.2,61.3,35.8,19.7,11.4,6.2,3.4,1.55,0.7,0.05,0.0,0.0,0.0,0.0,0.0,8.1,16.6,22.5,27.3,32.3,39.1,46.2,54.8,66.4,79.1,96.8,116.4,140.4,174.6,212.3,265.0,323.2,405.0,507.9,601.0,532.1,471.79999999999995,444.70000000000005,427.5999999999999,418.9000000000001,413.4000000000001,416.1999999999998,408.4000000000001,407.3000000000002,406.3000000000002,405.6999999999998,405.0999999999999,411.0,404.10000000000036,403.6999999999998
2022-01-14,625.1000000000004,628.3000000000002,621.3000000000002,618.9000000000001,614.0999999999999,607.3000000000002,596.1999999999998,587.2,576.7,563.9000000000001,551.0,524.2,499.9000000000001,470.29999999999995,428.5,378.5,318.4,246.3,134.8,-7.699999999999989,-85.2,-43.0,-22.8,-13.0,-8.3,-5.8,-3.8,-2.55,-2.05,-1.8,-1.7,-1.7,-1.65,-1.65,-1.65,-7.0,-11.4,-16.4,-19.8,-24.1,-29.7,-36.8,-45.7,-57.4,-70.1,-88.2,-110.9,-139.4,-174.1,-215.9,-266.4,-327.1,-399.7,-513.3,-657.5,-746.7,-706.7,-686.0,-677.0999999999999,-672.4000000000001,-668.8,-667.5999999999999,-666.8000000000002,-665.5999999999999,-666.0,-665.9000000000001,-665.6999999999998,-665.3000000000002,-665.3000000000002,-665.1000000000004,-660.9000000000001,-656.6999999999998,-650.9000000000001,-647.8000000000002,-643.4000000000001,-637.9000000000001,-630.8000000000002,-621.3,-609.2,-596.3,-577.3,-553.7,-521.8,-480.20000000000005,-438.1,-387.6,-327.0,-254.0,-141.5,2.0,80.8,40.1,19.5,9.7,4.9,2.25,0.65,0.0,0.0,0.0,0.0,0.0,0.0,0.0,0.0,3.7,8.4,13.4,16.8,21.1,27.1,33.8,42.5,53.9,66.4,84.1,106.8,134.5,168.5,210.2,260.2,320.4,392.8,505.3,648.1,715.4,672.5,656.0,646.0999999999999,636.2,632.7,631.0999999999999,630.0,629.3000000000002,635.8000000000002,628.5,635.5,628.0,627.8000000000002,627.3999999999996
2022-02-11,506.3000000000002,499.9000000000001,486.3000000000002,481.3000000000002,474.1999999999998,465.4000000000001,456.8000000000002,443.1999999999998,428.20000000000005,408.0999999999999,385.9000000000001,355.5,323.0,279.20000000000005,232.89999999999998,176.70000000000005,113.60000000000002,29.5,-93.19999999999999,-208.2,-112.8,-56.9,-28.0,-15.8,-9.6,-6.8,-5.1,-3.9,-3.5,-3.2,-3.1,-3.0,-2.95,-2.9,-2.9,-10.6,-18.1,-29.9,-35.8,-42.3,-51.3,-61.2,-75.2,-90.9,-112.5,-135.7,-167.9,-201.1,-245.8,-292.8,-355.1,-419.8,-504.3,-628.2,-757.1,-661.6,-605.5999999999999,-578.0999999999999,-569.5,-560.8000000000002,-559.9000000000001,-558.8000000000002,-553.5,-553.9000000000001,-553.5,-553.3000000000002,-553.1000000000004,-552.0,-552.6999999999998,-551.3999999999996,-546.1999999999998,-539.8000000000002,-526.1999999999998,-521.1999999999998,-514.0999999999999,-505.3000000000002,-496.6999999999998,-483.0999999999999,-468.0999999999999,-444.5999999999999,-421.0,-388.9000000000001,-354.79999999999995,-309.20000000000005,-261.5,-194.39999999999998,-129.10000000000002,-43.69999999999999,80.69999999999999,197.2,104.8,49.5,21.4,9.0,2.3,0.0,0.0,0.0,0.0,0.0,0.0,0.0,0.0,0.0,0.0,4.5,11.5,25.8,31.3,37.8,46.3,55.8,68.8,83.1,102.9,124.4,155.8,188.5,231.9,278.5,340.3,404.6,488.8,611.3,717.3,621.7,565.7,538.2,521.2,511.79999999999995,503.6999999999998,501.8000000000002,513.5999999999999,514.0,513.5999999999999,513.4000000000001,513.1999999999998,512.1000000000004,512.8000000000002,512.0
2022-03-11,879.1000000000004,873.1999999999998,859.5999999999999,854.8000000000002,848.0999999999999,840.6999999999998,830.1999999999998,816.9000000000001,802.9000000000001,782.0999999999999,760.2,729.9000000000001,692.9000000000001,654.7,603.3,551.2,482.70000000000005,403.9,275.6,106.19999999999999,-98.8,-64.3,-31.8,-17.4,-9.6,-5.1,-3.2,-2.3,-1.7,-1.35,-1.1,-0.95,-0.85,-0.7,-0.65,-8.5,-13.8,-27.3,-32.2,-39.6,-47.0,-57.8,-71.5,-86.2,-107.4,-129.9,-161.1,-198.7,-238.1,-290.6,-343.7,-413.6,-494.2,-624.6,-796.8,-1004.1,-971.2,-940.2,-926.2,-918.8000000000002,-915.0999999999999,-913.0999999999999,-911.9000000000001,-911.1999999999998,-910.5999999999999,-910.1999999999998,-909.8000000000002,-909.6000000000004,-909.1000000000004,-908.5,-905.8000000000002,-899.5,-885.3000000000002,-880.1999999999998,-873.0999999999999,-865.3000000000002,-854.3000000000002,-840.4000000000001,-825.4000000000001,-804.0999999999999,-781.3,-749.8,-711.7,-672.2,-619.5,-566.1,-496.0,-415.3,-284.9,-113.0,93.9,60.5,29.1,14.8,7.2,3.7,1.9,1.05,0.45,0.05,0.0,0.0,0.0,0.0,0.0,7.1,12.1,25.6,30.3,37.2,44.6,55.2,68.6,83.2,103.8,125.9,156.5,193.7,231.3,282.8,335.0,403.5,482.6,610.5,779.6,983.8,948.2,915.3,900.3,892.3,888.3000000000002,886.0999999999999,884.8000000000002,883.9000000000001,883.4000000000001,882.9000000000001,882.5,882.1999999999998,881.6999999999998,881.3999999999996
2022-04-14,904.8000000000002,899.9000000000001,887.5,878.5999999999999,871.6999999999998,864.8000000000002,854.4000000000001,842.0999999999999,829.4000000000001,811.4000000000001,792.9000000000001,767.0,736.1,704.9,662.6,620.4,565.2,499.3,371.4,210.2,-8.200000000000003,-42.6,-20.6,-11.9,-7.5,-5.3,-4.0,-3.3,-2.65,-2.2,-1.75,-1.4,-1.2,-1.05,-0.75,-7.7,-12.5,-24.5,-33.6,-40.5,-47.9,-58.1,-70.4,-83.5,-102.1,-121.6,-147.8,-179.9,-211.8,-255.0,-298.1,-356.0,-423.3,-552.5,-716.1,-936.8,-971.9000000000001,-951.2,-942.5999999999999,-938.0999999999999,-935.9000000000001,-934.4000000000001,-933.5,-932.8000000000002,-932.1999999999998,-931.6999999999998,-931.3000000000002,-930.8999999999996,-930.6000000000004,-929.8999999999996,-928.0,-922.6999999999998,-910.0999999999999,-900.8000000000002,-893.6999999999998,-886.3,-875.8,-863.0,-849.7,-831.0,-811.5,-785.0999999999999,-753.2,-721.1,-677.5,-634.3,-575.3,-507.5,-379.0,-216.2,4.200000000000003,38.9,18.2,9.3,4.8,2.9,1.75,1.25,0.85,0.6,0.4,0.2,0.0,0.0,0.0,5.4,10.1,22.6,31.6,37.7,45.4,54.8,67.1,80.7,97.8,117.5,142.4,173.5,205.0,248.0,290.4,347.6,414.5,538.8,699.0,916.6,949.8,927.8,918.5999999999999,914.0,911.4000000000001,909.9000000000001,909.0999999999999,908.4000000000001,907.8000000000002,907.3000000000002,906.8000000000002,906.3999999999996,905.8999999999996,905.0
2022-05-13,1601.4,1590.0,1574.5,1567.3000000000002,1558.6,1548.0,1533.1,1517.7,1499.4,1478.4,1453.1,1424.4,1385.8,1348.1,1305.1,1256.6,1201.8,1136.2,977.3,763.4,503.3,203.0,-23.1,-12.9,-7.6,-4.9,-3.5,-2.65,-2.1,-1.7,-1.45,-1.2,-1.05,-0.9,-0.65,-14.1,-24.8,-40.1,-47.3,-56.0,-66.4,-81.2,-96.4,-114.4,-135.7,-160.5,-189.3,-228.3,-266.3,-309.1,-357.3,-412.8,-484.2,-648.9,-864.1,-1123.1,-1423.5,-1649.7,-1639.4,-1634.0,-1631.0,-1629.4,-1628.3000000000002,-1627.6,-1627.0,-1626.5,-1625.8000000000002,-1625.3000000000002,-1625.0,-1623.6000000000004,-1620.3000000000002,-1608.9,-1593.3000000000002,-1586.0,-1577.1,-1566.5,-1551.5,-1535.9,-1517.6,-1496.1,-1470.9,-1442.1,-1403.4,-1365.2,-1322.3,-1273.8,-1218.9,-1142.2,-982.5,-768.5,-507.4,-206.0,20.9,11.1,6.0,3.5,2.2,1.4,0.95,0.75,0.55,0.3,0.15,0.05,0.0,11.9,22.3,37.3,44.3,52.9,63.2,77.9,93.1,111.0,132.5,157.1,185.7,224.0,262.0,304.9,353.3,407.3,478.5,631.1,844.3,1105.2,1405.5,1631.3,1620.8,1615.1999999999998,1612.1,1610.3000000000002,1609.1,1608.5,1607.6999999999998,1607.1999999999998,1606.3000000000002,1606.1000000000004,1605.3999999999996,1603.6999999999998
2022-06-10,583.1999999999998,576.5999999999999,567.3000000000002,562.8000000000002,557.4000000000001,549.2,539.3,528.5999999999999,515.3,497.0999999999999,476.79999999999995,452.29999999999995,423.20000000000005,382.0,341.1,293.9,240.5,171.7,59.0,-69.4,-146.9,-93.7,-58.0,-35.7,-27.8,-14.6,-13.4,-6.9,-8.5,-3.1,-3.2,-1.6,-2.2,-1.0,-0.6,-7.9,-17.8,-26.9,-31.2,-36.7,-44.7,-50.3,-61.4,-75.1,-94.2,-115.0,-140.0,-169.5,-210.9,-255.2,-303.8,-359.3,-428.7,-545.7,-678.0,-756.5,-704.4,-671.4000000000001,-648.0,-634.7,-625.3,-624.5999999999999,-618.5,-616.0999999999999,-614.9000000000001,-613.9000000000001,-613.0999999999999,-612.5999999999999,-612.0,-610.6999999999998,-613.1999999999998,-606.4000000000001,-595.5999999999999,-592.0,-585.5999999999999,-579.2,-570.0,-558.7,-544.8,-524.5999999999999,-504.20000000000005,-477.70000000000005,-447.4,-405.20000000000005,-362.79999999999995,-314.0,-258.29999999999995,-181.3,-72.30000000000001,61.5,138.9,88.2,53.9,32.4,13.9,11.2,3.8,3.6,0.0,1.25,0.0,0.2,0.0,0.0,0.0,5.8,8.5,17.0,21.2,26.4,34.2,45.9,56.6,69.7,88.9,109.1,133.6,162.8,203.4,244.0,291.1,345.1,419.8,527.0,656.3,731.5,677.5,641.2,618.9000000000001,605.3,597.2,591.9000000000001,588.8000000000002,586.5,585.0,583.9000000000001,583.0999999999999,582.5999999999999,582.0999999999999,580.3999999999996
2022-07-15,-221.80000000000018,-225.0,-228.69999999999982,-230.80000000000018,-233.80000000000018,-237.0,-241.80000000000018,-247.9000000000001,-257.5999999999999,-268.0,-284.5999999999999,-303.0,-330.79999999999995,-361.70000000000005,-405.6,-452.6,-517.7,-395.2,-315.0,-234.6,-177.2,-123.2,-87.9,-57.7,-36.9,-24.8,-16.3,-11.7,-8.3,-6.1,-4.8,-3.6,-2.8,-1.6,-1.1,-3.1,-5.6,-8.5,-10.3,-13.0,-16.3,-21.2,-27.1,-36.2,-46.9,-63.3,-82.2,-110.4,-141.4,-185.3,-232.6,-298.2,-179.0,-99.39999999999998,-22.100000000000023,34.700000000000045,87.79999999999995,122.60000000000002,152.10000000000002,172.20000000000005,183.70000000000005,192.5,197.29999999999995,201.0,203.20000000000005,204.9000000000001,206.0999999999999,206.9000000000001,208.4000000000001,209.9000000000001,201.0999999999999,204.5999999999999,208.0999999999999,210.30000000000018,213.4000000000001,216.9000000000001,222.30000000000018,228.5,238.0,249.20000000000005,266.0999999999999,285.5,314.0999999999999,346.1,391.20000000000005,439.4,506.1,388.6,309.0,229.8,172.6,119.3,84.3,54.4,34.2,22.7,14.1,9.4,5.8,3.6,2.4,1.4,0.85,0.0,0.0,0.9,3.1,6.1,7.8,11.0,13.9,18.9,24.8,34.0,44.1,60.6,78.8,106.5,137.3,180.7,227.9,293.3,173.0,92.19999999999999,9.899999999999977,-48.5,-103.20000000000005,-139.10000000000002,-170.29999999999995,-191.4000000000001,-201.4000000000001,-210.4000000000001,-217.5,-221.70000000000005,-224.0,-225.5,-226.80000000000018,-227.9000000000001,-229.19999999999982,-231.0
2022-08-12,-812.5,-815.3999999999996,-818.1999999999998,-819.5999999999999,-821.4000000000001,-823.5999999999999,-826.9000000000001,-830.6999999999998,-835.8000000000002,-842.5,-851.3,-863.9000000000001,-883.5999999999999,-908.5999999999999,-868.1,-689.8,-527.4,-369.7,-275.4,-198.6,-136.6,-85.7,-55.2,-34.9,-20.7,-13.6,-9.2,-6.5,-4.5,-3.3,-2.5,-1.85,-1.45,-1.15,-0.65,-1.3,-2.45,-4.4,-5.4,-6.7,-8.4,-11.1,-14.4,-19.1,-25.4,-34.3,-46.8,-66.5,-91.7,-51.599999999999994,125.80000000000001,288.0,444.4,535.3,611.3,671.3,721.2,751.0,770.8,784.8,792.0,796.5,799.4000000000001,801.7,803.1999999999998,804.4000000000001,805.5999999999999,806.4000000000001,807.1999999999998,808.8000000000002,792.6000000000004,795.5,798.4000000000001,799.9000000000001,801.5999999999999,803.9000000000001,807.3000000000002,811.1999999999998,816.4000000000001,823.3,832.7,845.4000000000001,865.7,891.7,852.3,675.7,514.8,359.3,269.4,192.6,133.2,82.8,52.8,32.9,19.1,12.1,8.0,5.4,3.5,2.4,1.65,1.05,0.7,0.45,0.0,0.3,1.4,3.1,4.0,5.3,7.0,9.5,12.8,17.2,23.6,32.4,44.7,64.3,88.9,48.5,-129.0,-291.4,-450.4,-544.4,-622.2,-684.1,-735.9,-767.4,-788.4000000000001,-803.5,-811.2,-816.0,-819.0999999999999,-821.5,-823.0999999999999,-824.4000000000001,-825.5999999999999,-826.5,-827.1999999999998,-828.8000000000002
2022-09-16,1115.6,1106.1999999999998,1102.0,1096.8000000000002,1090.4,1082.5,1074.5,1062.9,1048.5,1030.8,1009.5,984.0,958.6,923.6,882.6,838.1,783.4,721.4,612.9,468.0,295.3,97.7,-44.9,-27.8,-16.7,-10.5,-6.9,-4.7,-3.2,-2.4,-1.8,-1.4,-1.2,-1.2,-1.2,-11.2,-19.8,-23.8,-28.8,-35.1,-42.9,-50.9,-62.7,-77.2,-95.1,-116.9,-143.1,-168.8,-204.4,-246.0,-294.0,-349.2,-411.6,-522.7,-669.2,-842.7,-1041.3,-1184.5,-1167.4,-1156.0,-1149.4,-1145.4,-1142.6999999999998,-1140.8000000000002,-1139.5,-1138.4,-1137.4,-1136.6999999999998,-1135.6000000000004,-1133.3999999999996,-1140.9,-1131.1,-1126.6,-1121.1999999999998,-1114.5,-1106.2,-1097.7,-1085.5,-1070.3,-1051.9,-1029.6,-1002.8,-976.7,-940.6,-898.2,-846.6,-790.8,-727.5,-618.3,-472.8,-299.8,-101.0,42.2,25.2,14.2,7.9,4.4,2.2,0.85,0.05,0.0,0.0,0.0,0.0,0.0,8.6,17.1,21.2,26.2,32.4,40.3,48.1,59.8,73.5,91.0,112.5,138.6,163.9,199.5,241.0,288.9,343.8,406.0,509.3,653.0,823.7,1019.9,1161.3,1143.1,1131.0,1124.0,1119.6999999999998,1116.9,1114.9,1113.6,1112.4,1111.4,1110.6,1109.6000000000004,1107.3000000000002
2022-10-14,681.6999999999998,673.8000000000002,659.0999999999999,649.8,642.5,633.8,621.0999999999999,608.2,593.0,575.0,553.8,529.1,494.4,460.79999999999995,422.6,380.9,331.5,266.6,168.3,53.60000000000002,-93.1,-138.5,-92.9,-64.0,-43.6,-28.8,-19.1,-12.3,-8.5,-6.0,-4.3,-3.4,-2.6,-1.7,-1.15,-9.7,-16.5,-30.3,-39.4,-46.6,-55.2,-67.9,-80.8,-96.1,-114.4,-135.8,-160.9,-196.1,-230.2,-268.9,-312.3,-360.6,-425.9,-527.2,-642.5,-788.3,-834.4,-791.7,-761.3,-742.9000000000001,-727.3,-716.0999999999999,-710.9000000000001,-706.6999999999998,-703.8000000000002,-699.4000000000001,-698.0999999999999,-698.6999999999998,-695.3000000000002,-692.6000000000004,-702.9000000000001,-695.0,-680.0999999999999,-670.5999999999999,-663.5999999999999,-654.2,-640.4000000000001,-627.9000000000001,-611.5999999999999,-593.4000000000001,-571.2,-546.0,-510.20000000000005,-475.70000000000005,-436.5,-389.4,-343.4,-277.3,-173.89999999999998,-59.0,88.19999999999999,134.2,89.3,60.9,40.8,25.0,16.5,9.9,6.1,3.6,1.75,0.7,0.05,0.0,0.0,7.2,13.9,27.7,36.6,43.8,52.3,64.7,77.3,92.4,110.2,131.2,155.9,191.2,225.2,263.7,306.9,355.2,420.3,515.4,628.9,778.4,823.1,772.7,742.9000000000001,721.7,705.4000000000001,695.5999999999999,688.1999999999998,683.8000000000002,680.6999999999998,678.3000000000002,676.6999999999998,675.4000000000001,673.5999999999999,671.1000000000004
2022-11-11,-590.8000000000002,-594.1999999999998,-596.0999999999999,-597.6999999999998,-599.3000000000002,-601.4000000000001,-604.3000000000002,-607.8000000000002,-612.5,-620.5,-629.8,-642.5999999999999,-662.4000000000001,-688.9,-723.7,-652.2,-515.0,-377.2,-312.4,-244.9,-187.6,-140.0,-107.7,-77.5,-55.0,-38.9,-29.1,-20.7,-15.1,-11.1,-8.7,-6.7,-5.3,-3.1,-1.95,-1.9,-3.1,-4.1,-5.0,-6.2,-7.7,-10.1,-13.3,-17.4,-24.4,-33.3,-45.9,-66.2,-92.4,-128.2,-57.19999999999999,79.9,214.2,276.4,344.0,400.9,447.20000000000005,478.4,507.79999999999995,529.7,545.5999999999999,555.3,563.8,569.7,573.9000000000001,576.5999999999999,579.0,580.9000000000001,584.1999999999998,587.0999999999999,565.6000000000004,569.1999999999998,571.3000000000002,573.0,574.8000000000002,577.0,580.1999999999998,583.9000000000001,588.9000000000001,596.5999999999999,606.3,619.9000000000001,641.5,668.5,704.4,635.0,499.8,370.8,306.4,239.1,182.2,135.4,103.7,74.2,52.2,36.2,26.5,18.3,12.6,8.6,6.3,4.2,2.7,0.55,0.0,0.0,0.75,1.65,2.6,3.8,5.3,7.8,10.8,15.0,21.9,30.7,43.2,63.5,89.3,124.1,51.900000000000006,-85.6,-220.0,-287.4,-356.4,-415.20000000000005,-463.6,-496.70000000000005,-526.6,-549.4,-566.8,-579.2,-588.4000000000001,-592.4000000000001,-597.2,-600.8,-603.3,-605.0999999999999,-609.0,-612.0999999999999
